articleId,created_at,like_counts,region,content,authorName,authorGender,authorAddress,authorAvatar
5087700770884483,2024-10-09,5,北京,这视频搞得我头晕，是不是说手机上看4K就像拿个芝麻看西瓜？[憨笑],高老庄庄主_猪八戒,m,其他,"https://tvax4.sinaimg.cn/crop.0.0.512.512.180/008CmazGly8hlvojjx21lj30e80e8wf4.jpg?KID=imgbed,tva&Expires=1728553892&ssig=ZOGpAiBTrI"
5087700770884483,2024-10-10,11,广东,下过电视剧就知道，国内的和国外的，同4k，不同画质[doge],秒天秒地就是米,m,江西 南昌,"https://tvax2.sinaimg.cn/crop.0.0.996.996.180/005Si6WYly8ggcg1u45h1j30ro0romxz.jpg?KID=imgbed,tva&Expires=1728553892&ssig=P7VsLgyXfg"
5087700770884483,2024-10-10,0,广东,这个应该不是吧,是是梦吧,m,广西 贺州,"https://tvax4.sinaimg.cn/crop.0.0.996.996.180/007lTxSDly8gt8c0mae9vj30ro0rota7.jpg?KID=imgbed,tva&Expires=1728553892&ssig=0HFKvgjd%2Bo"
5087700770884483,2024-10-10,2,江苏,[笑cry]我感觉油管的好点，很自然，b站的有点过饱和了,歌浮生往事,m,内蒙古,"https://tvax1.sinaimg.cn/crop.0.0.512.512.180/bdd33d6cly8h1audq47tij20e80e874s.jpg?KID=imgbed,tva&Expires=1728553892&ssig=%2Bcjayc9%2FKv"
5087700770884483,2024-10-10,1,浙江,B站 比腾讯 优酷 爱奇艺强多了,安静AnXjing,m,浙江 宁波,"https://tva2.sinaimg.cn/crop.0.0.512.512.180/006mitT3jw8ezu08lbniaj30e80e8dft.jpg?KID=imgbed,tva&Expires=1728553892&ssig=EjWd%2Ba0jwh"
5087700770884483,2024-10-10,0,湖南,肯定不是，我连那什么东西看youtub4k老流畅了，看b站4k卡的一批，看一会又要缓冲,RyperX,m,湖南 岳阳,"https://tvax2.sinaimg.cn/crop.0.0.1080.1080.180/0077mxNWly8hmqsme5q8xj30u00u0404.jpg?KID=imgbed,tva&Expires=1728553892&ssig=DslpVzosIM"
5087700770884483,2024-10-10,0,新疆,奈飞的画质和爱奇艺也不一样,漩涡塞尔达,m,新疆,"https://tvax2.sinaimg.cn/crop.0.0.850.850.180/008vupK5ly8h6uficyuptj30nm0nmgms.jpg?KID=imgbed,tva&Expires=1728553892&ssig=SHmi36XAja"
5087700770884483,2024-10-10,0,广东,youtube 的4k才是真4k,AobutJack,m,四川 成都,"https://tvax4.sinaimg.cn/crop.0.0.1024.1024.180/8c965da3ly8hbn4vnbt35j20sg0sgq4e.jpg?KID=imgbed,tva&Expires=1728553892&ssig=svF%2BEb%2FaTJ"
5087700770884483,2024-10-10,0,广东,20年之前h.264原🆚之后h.265、hv1、h.266待[doge],1313ljjyyyyy,m,广西 梧州,"https://tvax2.sinaimg.cn/crop.0.0.1080.1080.180/008vLgF8ly8hbv6o7eqmaj30u00u0ju5.jpg?KID=imgbed,tva&Expires=1728553892&ssig=uhWYoJLez4"
5087700770884483,2024-10-10,1,浙江,我用4k屏幕看视频早就感觉糊的一逼了，都是自己下4k资源看，和平台清晰度天差地别,即_影即有,m,浙江,"https://tvax3.sinaimg.cn/crop.0.0.1080.1080.180/006QWfX0ly8hu4er2pxc4j30u00u0jtq.jpg?KID=imgbed,tva&Expires=1728553892&ssig=aQMrhhc3Xs"
5087700770884483,2024-10-10,0,上海,他咋发到YouTube的啊,于此世界全身而退难于登天,m,湖北 武汉,"https://tvax4.sinaimg.cn/crop.0.0.1080.1080.180/006aQG6Kly8hqyjpmmsfjj30u00u0jv8.jpg?KID=imgbed,tva&Expires=1728553892&ssig=HwVk%2F7o4wu"
5087700770884483,2024-10-10,0,广东,这个看上去hdr,用户7846742481,m,江苏 苏州,"https://tvax1.sinaimg.cn/default/images/default_avatar_male_180.gif?KID=imgbed,tva&Expires=1728553892&ssig=05JOnSdcWt"
5087594629303495,2024-10-09,14,湖北,这样看就不大了 http://t.cn/A6EY9UGR,S0VERE1GN,m,其他,"https://tvax2.sinaimg.cn/crop.0.0.828.828.180/008mitc1ly8gt0g43r59nj30n00n0acw.jpg?KID=imgbed,tva&Expires=1728553895&ssig=fc0SAnZnoV"
5087594629303495,2024-10-09,4,湖北,裤子蛮好看的推一下我，这个机车外套还行就是感觉这两年机车风有点太多了街道口逛一圈好多人穿,陈阿皮c,m,其他,"https://tvax1.sinaimg.cn/crop.0.0.511.511.180/007QPDuQly8hdy0slpz90j30e70e7mxf.jpg?KID=imgbed,tva&Expires=1728553895&ssig=HIwrnOgc5J"
5087594629303495,2024-10-09,4,广东,好帅，留着吧,失恋小草屋,m,海外,"https://tvax2.sinaimg.cn/crop.0.0.996.996.180/006culDily8gaqf6dvhncj30ro0roabh.jpg?KID=imgbed,tva&Expires=1728553895&ssig=j7H8gEHoCt"
5087594629303495,2024-10-09,2,安徽,不修身 有点大了 退了,清纯小男友,m,海外,"https://tvax4.sinaimg.cn/crop.0.0.1080.1080.180/bdb86ecdly8hrvv9fzng1j20u00u0q60.jpg?KID=imgbed,tva&Expires=1728553895&ssig=NNGJP75Lal"
5087594629303495,2024-10-09,0,山东,适合送人比如我[doge],EverMissthesea,m,海外,"https://tvax4.sinaimg.cn/crop.0.0.512.512.180/819e0e8dly8hs09t7wr5uj20e80e8dgi.jpg?KID=imgbed,tva&Expires=1728553895&ssig=hOfayvgH%2B3"
5087594629303495,2024-10-09,1,安徽,好看的，留,hongyuhei05,m,香港,"https://tvax4.sinaimg.cn/crop.0.0.1080.1080.180/008rL450ly8hrozfk6d0tj30u00u0dm4.jpg?KID=imgbed,tva&Expires=1728553895&ssig=sV5VJAYzWL"
5087594629303495,2024-10-09,1,上海,不留,快乐秒男,m,海外,"https://tvax2.sinaimg.cn/crop.0.0.1080.1080.180/006aCo7mly8g9yy1dc9vjj30u00u0jw3.jpg?KID=imgbed,tva&Expires=1728553895&ssig=%2BxCOO9kbZy"
5087594629303495,2024-10-09,1,河北,很搭,Marvelous_德华,m,其他,"https://tvax2.sinaimg.cn/crop.0.0.1080.1080.180/006uO2Grly8hm511sj3mej30u00u0dkp.jpg?KID=imgbed,tva&Expires=1728553895&ssig=WDvbFZGzRP"
5087594629303495,2024-10-09,1,四川,老公求裤子链接[舔屏][舔屏],記住小羊ll,m,其他,"https://tvax1.sinaimg.cn/crop.0.0.511.511.180/008yBPM3ly8hfv682nudhj30e70e70tx.jpg?KID=imgbed,tva&Expires=1728553895&ssig=7ZrQj%2BHHcn"
5087594629303495,2024-10-09,1,广东,好适合,xxyy的cf,m,其他,"https://tvax1.sinaimg.cn/crop.0.0.1080.1080.180/006bM5BMly8htjs196bnuj30u00u0jxa.jpg?KID=imgbed,tva&Expires=1728553895&ssig=FqoS9AHHgQ"
5087594629303495,2024-10-09,1,湖北,帅帅[舔屏],留在哥身边www,m,其他,"https://tvax2.sinaimg.cn/crop.0.0.1016.1016.180/008r7gtZly8h95wauyo4pj30s80s875w.jpg?KID=imgbed,tva&Expires=1728553895&ssig=GNYcXEfRoT"
5087594629303495,2024-10-09,1,广西,留！好帅,催眠世界,m,广西 桂林,"https://tva4.sinaimg.cn/crop.0.0.180.180.180/5c39a1fajw1e8qgp5bmzyj2050050aa8.jpg?KID=imgbed,tva&Expires=1728553895&ssig=YPBcNFrGAt"
5087594629303495,2024-10-09,1,湖北,好看，留[打call],张嘉睿Geoffrey,m,湖北 武汉,"https://tvax4.sinaimg.cn/crop.0.0.959.959.180/0076Baljly8hgqwevfawsj30qn0qn40y.jpg?KID=imgbed,tva&Expires=1728553895&ssig=1FQSrCIdaB"
5087594629303495,2024-10-09,1,广东,大了点,羴杨的羊,m,其他,"https://tvax2.sinaimg.cn/crop.0.0.512.512.180/007jUgcIly8hufwtp2qk4j30e80e8js5.jpg?KID=imgbed,tva&Expires=1728553895&ssig=cTcn9KKzdp"
5087594629303495,2024-10-09,1,河南,难看[泪],王尊的8,m,北京,"https://tvax1.sinaimg.cn/crop.0.0.512.512.180/008BOWvdly8hm7b2z5jqgj30e80e8wfj.jpg?KID=imgbed,tva&Expires=1728553895&ssig=YZKL6z8si2"
5087594629303495,2024-10-09,0,上海,裤子什么牌子呀，好好看[可怜],徐子凯kiwi,m,上海,"https://tvax2.sinaimg.cn/crop.0.0.1080.1080.180/c55bef99ly8gbdxzt96p8j20u00u0abm.jpg?KID=imgbed,tva&Expires=1728553895&ssig=6mpDS6EWR%2B"
5087594629303495,2024-10-09,0,福建,好看啊为什么不留！！！,上棠有路通云锦,m,福建 泉州,"https://tvax1.sinaimg.cn/crop.0.0.1080.1080.180/005HlWR8ly8hu9c7jb8i9j30u00u00ul.jpg?KID=imgbed,tva&Expires=1728553895&ssig=3GZxx40fdC"
5087594629303495,2024-10-09,0,广东,骑上机车[doge],TROYTE_,m,广东 广州,"https://tvax3.sinaimg.cn/crop.0.0.160.160.180/e33e7204ly8h5oolkulumj204g04ga9y.jpg?KID=imgbed,tva&Expires=1728553895&ssig=2u9Q41x%2FrS"
5087594629303495,2024-10-09,0,贵州,😘,INPSS,m,云南 西双版纳,"https://tvax2.sinaimg.cn/crop.0.0.1080.1080.180/86fc4f7aly8hq821edd5jj20u00u0q48.jpg?KID=imgbed,tva&Expires=1728553895&ssig=ozxhLG4SiJ"
5087594629303495,2024-10-09,0,四川,不留,喜东东东东呀,m,四川 成都,"https://tvax1.sinaimg.cn/crop.0.0.1080.1080.180/9e3a8b1fly8hjy6ajt1rwj20u00u03zy.jpg?KID=imgbed,tva&Expires=1728553895&ssig=B2sqt8%2BuU2"
5087262207645101,2024-10-09,22,辽宁,人家公司一共六千人 我们 三十万 呵呵,隔路s,m,辽宁 沈阳,"https://tvax3.sinaimg.cn/crop.0.0.888.888.180/c09f146aly8g34s7m5pe9j20oo0oogo9.jpg?KID=imgbed,tva&Expires=1728553899&ssig=%2FTS6KnJTIV"
5087262207645101,2024-10-08,14,重庆,这是特氟龙扎带，高级货，紫外线，高温，酸碱都防,aladadong,m,其他,"https://tvax1.sinaimg.cn/crop.0.0.512.512.180/55ce3190ly8hh1cxkguobj20e80e8jrq.jpg?KID=imgbed,tva&Expires=1728553899&ssig=3PqYLWvRaz"
5087262207645101,2024-10-08,9,沙特阿拉伯,这种颜色有可能是防紫外线的高级货[doge],Dr_Y0ung,m,北京,"https://tvax3.sinaimg.cn/crop.0.70.656.656.180/74a49c68ly1fp85ype6u8j20i80m4qd1.jpg?KID=imgbed,tva&Expires=1728553899&ssig=JCjcfoEV1X"
5087262207645101,2024-10-09,1,河南,我记得好像当年好奇号火星车上拍的照片里也有[笑cry],三步上篮左边靠,m,河南 鹤壁,"https://tvax3.sinaimg.cn/crop.0.0.1080.1080.180/83d5358fly8h7vam9nb1mj20u00u0wgq.jpg?KID=imgbed,tva&Expires=1728553899&ssig=XYH5W7JmJb"
5087262207645101,2024-10-10,0,西藏,看起来像抓绒卫衣松紧带[笑cry],迟浩强,m,北京,"https://tvax4.sinaimg.cn/crop.0.0.1006.1006.180/9300d645ly8g50ucc0fo9j20ry0rydio.jpg?KID=imgbed,tva&Expires=1728553899&ssig=IV5RedFyVG"
5087262207645101,2024-10-09,1,河南,这可不是普通的扎带啊，这是上了太空的扎带。[允悲],didi2050,m,河南,"https://tva2.sinaimg.cn/crop.0.0.180.180.180/3eac3076jw1e8qgp5bmzyj2050050aa8.jpg?KID=imgbed,tva&Expires=1728553899&ssig=w8vCQwq9le"
5087262207645101,2024-10-10,0,河北,[good],yaoz246,m,北京 海淀区,"https://tva1.sinaimg.cn/crop.0.0.180.180.180/69a4e553jw1e8qgp5bmzyj2050050aa8.jpg?KID=imgbed,tva&Expires=1728553899&ssig=vx%2BZ4ePkXQ"
5087262207645101,2024-10-09,1,江苏,真的找不到舔点了吗,萌芽编辑,m,福建,"https://tva3.sinaimg.cn/crop.0.0.180.180.180/87ba63cfjw1e8qgp5bmzyj2050050aa8.jpg?KID=imgbed,tva&Expires=1728553899&ssig=ZbPNfM%2F8l6"
5087262207645101,2024-10-09,1,北京,竟然是用的地球上的物质，高级[赞],土豆泥没土豆,m,北京 海淀区,"https://tvax1.sinaimg.cn/crop.0.0.1080.1080.180/89e070d1ly8g79rxml8nrj20u00u0ad3.jpg?KID=imgbed,tva&Expires=1728553899&ssig=SUtjQQmZqN"
5087262207645101,2024-10-09,0,广西,看着普通，万一是个高科技材料伪装的呢[doge],monfavoribrs,f,北京 东城区,"https://tva1.sinaimg.cn/crop.340.1.450.450.180/c4e1538dgw1e8dvpqnjx3j20rs0nvgro.jpg?KID=imgbed,tva&Expires=1728553899&ssig=2%2BGXjQMNuL"
5087262207645101,2024-10-09,0,河南,这不是电影特效吗[doge],诺拉塔尔,f,北京,"https://tvax2.sinaimg.cn/crop.0.0.1080.1080.180/008w3s8Yly8h8bgjkb0izj30u00u1aek.jpg?KID=imgbed,tva&Expires=1728553899&ssig=exmNsz7s6Q"
5087262207645101,2024-10-09,1,陕西,很正常，最先进的飞机上都有扎带呢，毕竟都是手搓出来的,幼儿园大班扛把,m,北京 东城区,"https://tvax4.sinaimg.cn/crop.0.0.1080.1080.180/ee0d697cly8hp70m2qfdwj20u00u0my9.jpg?KID=imgbed,tva&Expires=1728553899&ssig=hTT9cNoMTQ"
5087262207645101,2024-10-08,1,陕西,可回收利用遥遥领先！,D-Hui_-_-_,m,陕西,"https://tvax3.sinaimg.cn/crop.0.0.1080.1080.180/006yUwWfly8hq22s8juk2j30u00u0t9q.jpg?KID=imgbed,tva&Expires=1728553899&ssig=CzuvCVbVW4"
5087262207645101,2024-10-09,1,北京,赶紧练好你的大拇指发射吧,青衣道风子,m,北京,"https://tvax1.sinaimg.cn/crop.0.0.1080.1080.180/0070Q1Ljly8g61ttg9o6nj30u00u0ad4.jpg?KID=imgbed,tva&Expires=1728553899&ssig=mZKwi4aUMF"
5087262207645101,2024-10-09,0,海南,航天材料,忘記董家寧,m,北京,"https://tvax3.sinaimg.cn/crop.0.0.512.512.180/00860oF3ly8gmf0o7uvocj30e80e8jr9.jpg?KID=imgbed,tva&Expires=1728553899&ssig=rMCjjE2nWT"
5087262207645101,2024-10-08,0,河北,蓝色的....  嗯！ 坚固+3,葱花肉饼C,m,北京,"https://tvax1.sinaimg.cn/crop.56.50.380.380.180/007c9Qr4ly8fszhl7hfblj30dw0cimxl.jpg?KID=imgbed,tva&Expires=1728553899&ssig=962dhsAFte"
5087262207645101,2024-10-09,1,天津,扎死狗,龘瓦平错,m,天津,"https://tvax2.sinaimg.cn/crop.0.0.512.512.180/aa3fb5f0ly8gx9prqx5oej20e80e8myo.jpg?KID=imgbed,tva&Expires=1728553899&ssig=6CJDz9zU8f"
5087914083749016,2024-10-10,370,日本,42岁绝经了的女生,狗熊一,m,其他,"https://tvax4.sinaimg.cn/crop.0.0.1080.1080.180/856a4608ly8gwzzu4in6aj20u00u042h.jpg?KID=imgbed,tva&Expires=1728553912&ssig=iK%2FhPohEay"
5087914083749016,2024-10-10,29,辽宁,图3求高清原图,立花走一郎,m,辽宁 沈阳,"https://tva4.sinaimg.cn/crop.0.0.180.180.180/72a3c86djw1e8qgp5bmzyj2050050aa8.jpg?KID=imgbed,tva&Expires=1728553912&ssig=vmSFA0dJdE"
5087914083749016,2024-10-10,30,广西,这人眼熟，怕不是串子,夏星KAKO,m,其他,"https://tvax3.sinaimg.cn/crop.0.0.996.996.180/0076bpGMly8gnxlcat2maj30ro0rotac.jpg?KID=imgbed,tva&Expires=1728553912&ssig=NhqYm81MvW"
5087914083749016,2024-10-10,21,北京,公安局什么时候给集美赔款道歉[怒],我是串手,m,其他,"https://tvax2.sinaimg.cn/crop.0.0.1039.1039.180/008gA3pHly8htjvbjen16j30sv0sv0ul.jpg?KID=imgbed,tva&Expires=1728553912&ssig=52NCTIooXW"
5087914083749016,2024-10-10,15,河北,@豆汁儿焦圈儿爆肚儿炒肝儿,清风灬飞雪,m,河北 石家庄,"https://tva4.sinaimg.cn/crop.0.0.100.100.180/0063lXm4jw8epzlrnvzwaj302s02s744.jpg?KID=imgbed,tva&Expires=1728553912&ssig=TPJSEdxKiy"
5087914083749016,2024-10-10,9,安徽,还得是伊斯兰教搞得不孬 http://t.cn/A6EHI4Fc,胖兔子老唐随便啦,m,安徽 安庆,"https://tva1.sinaimg.cn/crop.0.0.1080.1080.180/7cd8db78jw8ey5yacb14gj20u00u0782.jpg?KID=imgbed,tva&Expires=1728553912&ssig=GwBfpeFkTJ"
5087914083749016,2024-10-10,8,安徽,有些人真的欠栓,胖兔子老唐随便啦,m,安徽 安庆,"https://tva1.sinaimg.cn/crop.0.0.1080.1080.180/7cd8db78jw8ey5yacb14gj20u00u0782.jpg?KID=imgbed,tva&Expires=1728553912&ssig=GwBfpeFkTJ"
5087914083749016,2024-10-10,3,北京,打人的女的被刑拘了，到底是谁该[汗],yyhh20152015,f,北京 海淀区,"https://tvax1.sinaimg.cn/crop.0.0.960.960.180/00683nOOly8fmmdjts0ugj30qo0qoq7r.jpg?KID=imgbed,tva&Expires=1728553912&ssig=6SY0KfcjWg"
5087914083749016,2024-10-10,2,湖北,还是你最刚[good][doge],如意道格,m,湖北,"https://tvax2.sinaimg.cn/crop.0.0.1080.1080.180/7ba49d8bly8hocf9sedw3j20u00u0n15.jpg?KID=imgbed,tva&Expires=1728553912&ssig=WIqcsJSqyS"
5087914083749016,2024-10-10,1,天津,图三这个女的还没被开盒教育一下我是不认可的[思考],BeauTYfffful,m,江苏 南京,"https://tvax4.sinaimg.cn/crop.0.0.512.512.180/006jDVhsly8gyzis9y9zoj30e80e8q2p.jpg?KID=imgbed,tva&Expires=1728553912&ssig=1lAMycIUne"
5087914083749016,2024-10-10,2,湖南,绝经大妈闹麻了[笑哈哈][笑哈哈][笑哈哈],贝拉带我走吧,m,其他,"https://tvax3.sinaimg.cn/crop.0.0.996.996.180/005tS0sxly8gunlwplnlcj60ro0roju702.jpg?KID=imgbed,tva&Expires=1728553912&ssig=pa9u2C5Un4"
5087914083749016,2024-10-10,2,浙江,造谣禁言了没？,不步补布捕,m,其他,"https://tvax2.sinaimg.cn/crop.0.0.140.140.180/0074SqNZly8gxq67egicej303w03w3yd.jpg?KID=imgbed,tva&Expires=1728553912&ssig=CXsFmMgaYr"
5087914083749016,2024-10-10,0,陕西,你猜猜还手了它会怎么说？,普渡众生李修缘,m,北京,"https://tvax2.sinaimg.cn/crop.0.0.480.480.180/008mjSFKly8hohxjmxt04j30dc0dc74u.jpg?KID=imgbed,tva&Expires=1728553912&ssig=Z8mcdBU5p2"
5087914083749016,2024-10-10,0,江西,当女生是施害者时，她同时也是受害者[doge],我看也未必其实都一样早该管管了,m,江西 南昌,"https://tva4.sinaimg.cn/crop.0.0.439.439.180/67579f78jw8eq34qywb7nj20c80c7wf4.jpg?KID=imgbed,tva&Expires=1728553912&ssig=547zoO5wBW"
5087914083749016,2024-10-10,0,中国香港,什么时候赔八万五？[二哈] http://t.cn/A6EHp9Ta,不存在的名字1994,m,香港 其他,"https://tvax3.sinaimg.cn/crop.0.0.1002.1002.180/00227tZ4ly8guiabawnkcj60ru0rugnh02.jpg?KID=imgbed,tva&Expires=1728553912&ssig=MvFu9KWTGo"
5087914083749016,2024-10-10,0,广东,有一种法官王浩的既视感，你要不是做了坏事心虚你为什么不还手,走自己的漫步人生路,m,广东,"https://tva1.sinaimg.cn/crop.0.0.307.307.180/80c629f2jw1e8554v9r63j208k08k759.jpg?KID=imgbed,tva&Expires=1728553912&ssig=xj3ch7ROmL"
5087914083749016,2024-10-10,0,甘肃,这货不是到处引流找骂的嘛,看见你微笑我舍不得眨眼_,m,甘肃,"https://tvax3.sinaimg.cn/crop.0.0.1080.1080.180/72e01dbcly8hkt8mixvaaj20u00u00vj.jpg?KID=imgbed,tva&Expires=1728553912&ssig=2TATdI%2B%2Bfw"
5087914083749016,2024-10-10,0,山东,咋了，女的没有外卖员吗[傻眼],青春的爱萝莉真的太好了,m,山东 潍坊,"https://tvax1.sinaimg.cn/crop.0.0.664.664.180/006IF6yJly8fd8c6qkm2fj30ig0iggmc.jpg?KID=imgbed,tva&Expires=1728553912&ssig=AAy6OmGUxj"
5087914083749016,2024-10-10,0,广东,nane那能一样吗,博熊人工肝,m,广东 广州,"https://tva2.sinaimg.cn/crop.0.142.465.465.180/006bwUwcjw8eupd8cxoe6j30cx0kuq4e.jpg?KID=imgbed,tva&Expires=1728553912&ssig=rZSHVWZSQw"
5087914083749016,2024-10-10,0,北京,正常 青岛女打人也有这么说的！[二哈],Camellia_棣棠,m,北京,"https://tvax4.sinaimg.cn/crop.0.0.512.512.180/004l2RNGly8gv8o29i807j60e80e80tk02.jpg?KID=imgbed,tva&Expires=1728553912&ssig=17hIxAI0De"
5087619865904153,2024-10-09,20,广东,[哆啦A梦微笑]ColorOS 14就已经做的不错起来了，这回15看起来更好了！期待x8和一加13上的体验了,陳本尼,m,广东 广州,"https://tvax3.sinaimg.cn/crop.0.0.512.512.180/c2b48797ly8h6ondnvz5ej20e80e8jsa.jpg?KID=imgbed,tva&Expires=1728553915&ssig=iV4lkg5zMA"
5087619865904153,2024-10-09,6,广东,卧槽，我金粉了，呢条免吹，祝 X8 Pro 大卖[吃馕],可以叫我山姆,m,广东,"https://tvax2.sinaimg.cn/crop.0.0.1080.1080.180/814c7846ly8hpxnjo4b0tj20u00u0jw1.jpg?KID=imgbed,tva&Expires=1728553915&ssig=4Ta0c1wBTg"
5087619865904153,2024-10-09,5,广东,ColorOS 15 小组件的动画可以啊，不会出现过快直接断掉，真就比肩 iOS 了,黑猫小田,m,广东,"https://tvax1.sinaimg.cn/crop.0.0.48.48.180/9471dbc1ly8hsn9rem8qkj201c01c0sh.jpg?KID=imgbed,tva&Expires=1728553915&ssig=yT%2B2W5QDCX"
5087619865904153,2024-10-09,3,广东,@ColorOS陈希 这里字也多[怒]转发一下,CICILAB,m,广东 深圳,"https://tvax4.sinaimg.cn/crop.0.0.1080.1080.180/810587a7ly8haboogtc7cj20u00u00t3.jpg?KID=imgbed,tva&Expires=1728553915&ssig=NQ7E6PMjCd"
5087619865904153,2024-10-09,1,广东,附上官方对双引擎的介绍材料。 http://t.cn/A6EYDyR0,陈文俊,m,广东,"https://tvax4.sinaimg.cn/crop.0.0.1080.1080.180/671e069dly8hu2gsnlkjgj20u00u0q7y.jpg?KID=imgbed,tva&Expires=1728553915&ssig=Awfd%2FqFerq"
5087619865904153,2024-10-09,2,江西,这样的效果还是比较喜欢的呢,爆炒小u鱼仔,f,其他,"https://tvax1.sinaimg.cn/crop.0.0.500.500.180/c5b66043ly8htwrbjxk55j20dw0dwt9z.jpg?KID=imgbed,tva&Expires=1728553915&ssig=yT2Z0Ucy3v"
5087619865904153,2024-10-09,5,北京,还是比较流畅的那一种呀,呆瓜可能不会飞吧,f,陕西 宝鸡,"https://tvax2.sinaimg.cn/crop.0.0.1080.1080.180/005WwbM8ly8htdtka19bvj30u00u0wh3.jpg?KID=imgbed,tva&Expires=1728553915&ssig=RMu2vdjxa5"
5087619865904153,2024-10-09,3,广西,也太喜欢了吧。,天天天得一天,f,其他,"https://tvax4.sinaimg.cn/crop.0.0.1080.1080.180/005uaTHely8hncpxfznkwj30u00u0myr.jpg?KID=imgbed,tva&Expires=1728553915&ssig=pSIfYdA7eg"
5087619865904153,2024-10-09,4,北京,流畅度确实不错，续航再提升些就好了。,出家人乃唐僧,m,其他,"https://tvax3.sinaimg.cn/crop.0.0.512.512.180/008CmazHly8hlvokhcf5ij30e80e8t9r.jpg?KID=imgbed,tva&Expires=1728553915&ssig=gKG5Mdch8o"
5087619865904153,2024-10-09,3,河北,什么时候可以继续更新了呢？,飞走的彩色蒲公英,f,湖北 鄂州,"https://tvax4.sinaimg.cn/crop.0.0.1080.1080.180/005XbAiwly8hth8o6o2m2j30u00u0tb8.jpg?KID=imgbed,tva&Expires=1728553915&ssig=msRtHmnw4N"
5087619865904153,2024-10-09,0,福建,第三方试试吧！你觉得不会卡吗？,Wuslim,m,广东 深圳,"https://tvax4.sinaimg.cn/crop.0.0.1006.1006.180/8b4b35fbly8g0yziwrns2j20ry0ry3zv.jpg?KID=imgbed,tva&Expires=1728553915&ssig=InvrVHbEwq"
5087619865904153,2024-10-10,0,广东,@一成明月,一成名月,m,其他,"https://tvax4.sinaimg.cn/crop.0.0.1080.1080.180/008AdC71ly8hkw7nqjeuij30u00u00ur.jpg?KID=imgbed,tva&Expires=1728553915&ssig=VBH975rX1E"
5087619865904153,2024-10-09,0,天津,这系统真的是超级流畅，很喜欢的呢[打call][打call][打call],绣凌Jesslyn_165,f,海外,"https://tvax1.sinaimg.cn/crop.0.0.960.960.180/80e4976cly8ht16ott41fj20qo0qoq5k.jpg?KID=imgbed,tva&Expires=1728553915&ssig=Ap%2BWviiHo9"
5087619865904153,2024-10-09,0,西藏,系统真的是非常的丝滑了,玉米开心会加倍,f,重庆,"https://tvax1.sinaimg.cn/crop.0.0.1080.1080.180/ec2a1d5ely8hrk4oegpsfj20u00u00ur.jpg?KID=imgbed,tva&Expires=1728553915&ssig=VB3VE%2B0l%2BO"
5087619865904153,2024-10-09,1,辽宁,越来越顺畅了,微笑背包客3902,m,辽宁,"https://tvax3.sinaimg.cn/crop.0.0.996.996.180/006xS1O4ly8ffufxxyupyj30ro0rojyq.jpg?KID=imgbed,tva&Expires=1728553915&ssig=dk6XLLqM3%2F"
5087619865904153,2024-10-09,0,湖北,什么时候会更新呢？,管理人数,f,天津,"https://tvax2.sinaimg.cn/crop.0.0.718.718.180/c1a2af8cly8hnyltbmkjtj20jy0jy0uq.jpg?KID=imgbed,tva&Expires=1728553915&ssig=wh98phuwaS"
5087619865904153,2024-10-09,2,广东,安卓问题是再好的优化也架不住第三方 App 耍流氓[doge],谁抢了我的名字陆一,m,广东 肇庆,"https://tva1.sinaimg.cn/crop.0.0.1241.1241.180/6ffcbdd1jw8f78m2d4r7lj20yi0yhabj.jpg?KID=imgbed,tva&Expires=1728553915&ssig=Brck9n8pBN"
5087619865904153,2024-10-09,1,河北,真的是让我们感受到了更新的力量,碎碎草莓落草莓,f,山西 晋中,"https://tvax4.sinaimg.cn/crop.0.0.1080.1080.180/0064zz8Cly8hu71nvuk7yj30u00u0di1.jpg?KID=imgbed,tva&Expires=1728553915&ssig=mNuoGV7xV0"
5087619865904153,2024-10-09,3,河北,确实是非常的流畅了呀。,看看景景超级哇塞呀,f,湖南 怀化,"https://tvax3.sinaimg.cn/crop.0.0.1080.1080.180/d9428ae0ly8htqo89eh5zj20u00u076q.jpg?KID=imgbed,tva&Expires=1728553915&ssig=L5hJgAwhxB"
5087619865904153,2024-10-09,1,安徽,系统用起来还是很流畅的呀。,想私藏一寸月光,m,浙江 绍兴,"https://tvax4.sinaimg.cn/crop.0.0.1080.1080.180/006h93Haly8hsnh6cjnuzj30u00u0mzw.jpg?KID=imgbed,tva&Expires=1728553915&ssig=u3upJUhhOs"
5078225718083643,2024-09-13,46,江西,啥鞋子 我避雷一下哈哈哈哈,荔枝一些_,f,其他,"https://tvax4.sinaimg.cn/crop.0.0.1020.1020.180/006diISoly8h9lvc5120pj30sc0sd413.jpg?KID=imgbed,tva&Expires=1728553919&ssig=TKiPKjhuTY"
5078225718083643,2024-09-13,7,河北,但不得不说这鞋子质量也太差了[允悲],按f和弦逃离世界,f,海外 希腊,"https://tvax3.sinaimg.cn/crop.0.0.940.940.180/007n73Wtly8hsuuifgr2oj30q40q4af1.jpg?KID=imgbed,tva&Expires=1728553919&ssig=SAeAFeWc53"
5078225718083643,2024-09-26,5,西藏,哈哈哈哈 http://t.cn/A6E5Wf8W,537瓶瓶,f,西藏 阿里,"https://tvax4.sinaimg.cn/crop.0.0.750.750.180/9334d125ly8fp7sqmxlzrj20ku0kujtk.jpg?KID=imgbed,tva&Expires=1728553919&ssig=gKL2Js2vVn"
5078225718083643,2024-09-26,1,西藏,天才宝宝,537瓶瓶,f,西藏 阿里,"https://tvax4.sinaimg.cn/crop.0.0.750.750.180/9334d125ly8fp7sqmxlzrj20ku0kujtk.jpg?KID=imgbed,tva&Expires=1728553919&ssig=gKL2Js2vVn"
5078225718083643,2024-09-30,0,山东,可惜了。这个颜值了，穿的这么破。,梦魂萦牵923,m,山东 聊城,"https://tva4.sinaimg.cn/crop.0.0.720.720.180/005NN7AMjw8ekwh5hwh4nj30k00k0dh2.jpg?KID=imgbed,tva&Expires=1728553919&ssig=feFAWxSsJ1"
5078225718083643,2024-09-26,1,广东,左边冰娃右边儿火娃红红火火嘿哈哈,钱椰椰鱼骨,m,海外,"https://tvax3.sinaimg.cn/crop.0.0.996.996.180/006FRB0lly8g5a0rbfjvdj30ro0rodhu.jpg?KID=imgbed,tva&Expires=1728553919&ssig=C4sXLua0Mr"
5078225718083643,2024-09-26,1,安徽,巴黎世家的吧,帅气的小杜杜儿,m,其他,"https://tva1.sinaimg.cn/crop.0.0.996.996.180/00698wmMjw8f4g4441rrqj30ro0rpgmj.jpg?KID=imgbed,tva&Expires=1728553919&ssig=sweMivcdca"
5078225718083643,2024-09-18,1,贵州,纹身好好看！,阿李给给_,m,江苏 南京,"https://tvax3.sinaimg.cn/crop.0.0.1080.1080.180/9d0cd201ly8gbjd5752d5j20u00u00yy.jpg?KID=imgbed,tva&Expires=1728553919&ssig=sWtuR3wvMD"
5078225718083643,2024-09-15,0,广东,是巴黎世家的鞋么,生活对我下了手199308,m,其他,"https://tvax1.sinaimg.cn/crop.0.0.132.132.180/008xbi4Lly4harm3vcmnij303o03omx2.jpg?KID=imgbed,tva&Expires=1728553919&ssig=SR%2BpRXtp7e"
5078225718083643,2024-09-15,1,福建,哇,liiaoyang_,f,福建 福州,"https://tvax4.sinaimg.cn/crop.0.0.1080.1080.180/a7144a26ly8h3p56g8y0pj20u00u0gp4.jpg?KID=imgbed,tva&Expires=1728553919&ssig=Hrfkl76PnS"
5078225718083643,2024-09-14,2,山东,哈哈哈嗝,侥幸17号,f,山东 滨州,"https://tvax4.sinaimg.cn/crop.0.0.996.996.180/007kNGtXly8grtalyrma3j30ro0romyr.jpg?KID=imgbed,tva&Expires=1728553919&ssig=ECnNm5z04U"
5078225718083643,2024-09-13,1,江苏,好 一双变两双,芋圆不圆la,f,江苏 南京,"https://tvax3.sinaimg.cn/crop.0.0.512.512.180/006nRoa3ly8hq2algf2sjj30e80e8gm0.jpg?KID=imgbed,tva&Expires=1728553919&ssig=QydozGqiBh"
5078225718083643,2024-09-14,3,河北,太酷了宝宝[努力],好运连连福气满满健康快乐平安,f,北京,"https://tvax3.sinaimg.cn/crop.0.0.1080.1080.180/008hz9LVly8hkhjrtbai4j30u00u0aen.jpg?KID=imgbed,tva&Expires=1728553919&ssig=llHX9Td1GY"
5078225718083643,2024-09-13,2,山东,哈哈哈哈哈哈哈哈哈哈,小雪天气呀,f,北京 朝阳区,"https://tvax4.sinaimg.cn/crop.0.0.1080.1080.180/006moIAIly8htyvr5wfd4j30u00u0ado.jpg?KID=imgbed,tva&Expires=1728553919&ssig=3y6p5nAPV7"
5078225718083643,2024-10-05,0,山西,卡西法！,小猫coca,f,山西 临汾,"https://tvax1.sinaimg.cn/crop.0.0.1080.1080.180/008aclwSly8hucyiuqbt9j30u00u0juw.jpg?KID=imgbed,tva&Expires=1728553919&ssig=ex0ErGN9mw"
5078225718083643,2024-09-21,0,山东,问吴建豪要代言费[允悲],毛大醺,m,浙江,"https://tvax4.sinaimg.cn/crop.0.0.1080.1080.180/c28339bdly8hnzu11fubbj20u00u0myi.jpg?KID=imgbed,tva&Expires=1728553919&ssig=4YPI7InB7z"
5078225718083643,2024-09-14,0,浙江,太有样了,放我出去我没病_14865,m,浙江 杭州,"https://tvax3.sinaimg.cn/crop.0.0.750.750.180/0063oXc6ly8g77qhcg8nxj30ku0kut9e.jpg?KID=imgbed,tva&Expires=1728553919&ssig=OpCin56rsS"
5078225718083643,2024-09-14,2,陕西,姐姐蹲蹲帽子太美了[哇],麦麦椰猪猪,f,陕西 西安,"https://tvax3.sinaimg.cn/crop.0.0.1080.1080.180/006fGxrqly8htqo0mqg2tj30u00u00wv.jpg?KID=imgbed,tva&Expires=1728553919&ssig=ivUldD4C59"
5078225718083643,2024-09-14,0,内蒙古,鞋：我想开啦！,陈皮同学啊,f,内蒙古 鄂尔多斯,"https://tvax4.sinaimg.cn/crop.0.0.640.640.180/006Hme1cly8h3hfcqcppxj30hs0hs3yn.jpg?KID=imgbed,tva&Expires=1728553919&ssig=Mn77W%2BnObE"
5078225718083643,2024-09-13,0,四川,小火人小水人[哇],希曦熙希,f,其他,"https://tvax4.sinaimg.cn/crop.0.0.1080.1080.180/007QC0Q5ly8h8k4q0seacj30u00u0abl.jpg?KID=imgbed,tva&Expires=1728553919&ssig=qYR%2FbaSRma"
5085488289682849,2024-10-03,1827,广东,想起以前看到的一句话：老中自己就是风[哆啦A梦害怕][哆啦A梦害怕][哆啦A梦害怕],灰白中有一点黑,m,广东 深圳,"https://tvax1.sinaimg.cn/crop.0.0.512.512.180/006OGxWwly8gdi5s6nwxij30e80e8ae8.jpg?KID=imgbed,tva&Expires=1728553933&ssig=rtJf3TpObb"
5085488289682849,2024-10-03,1186,辽宁,翻译一下：以色列你打掉牙也要咽到肚子里，再敢搞什么报复行动，我可不能保证局面不失控。,军机大臣上学习行走,m,北京,"https://tvax2.sinaimg.cn/crop.0.0.744.744.180/907ce841ly8h6qqbygkwfj20ko0kowez.jpg?KID=imgbed,tva&Expires=1728553933&ssig=2Adq4ible3"
5085488289682849,2024-10-03,638,广西,以色列立马带上同声传译耳机,爱瑞芭迪狗,m,广西,"https://tvax2.sinaimg.cn/crop.0.0.512.512.180/006Vb8cHly8hha209oj5qj30e80e8gm3.jpg?KID=imgbed,tva&Expires=1728553933&ssig=PWVVGwjIwO"
5085488289682849,2024-10-03,626,安徽,世界的官方:老中,拍拍照玩玩机,m,其他,"https://tvax1.sinaimg.cn/crop.0.0.500.500.180/008CJeG6ly8hu12668708j30dw0dwjsi.jpg?KID=imgbed,tva&Expires=1728553933&ssig=CU1ESPQ6rF"
5085488289682849,2024-10-03,91,广西,全面战争是指啥呀,屋顶上的Knight,m,其他,"https://tvax3.sinaimg.cn/crop.0.0.512.512.180/75a835f7ly8grnd007rimj20e80e8dg8.jpg?KID=imgbed,tva&Expires=1728553933&ssig=%2BKBD3JY8HD"
5085488289682849,2024-10-03,445,陕西,中东官府那帮子费拉不堪的松散联盟终于想起来该上班了，也不知道是该觉得好笑还是觉得好气[允悲],微操战神常凯申,m,其他,"https://tvax3.sinaimg.cn/crop.0.0.1024.1024.180/0082Dp2gly8hi4ap9cakbj30sg0sggm7.jpg?KID=imgbed,tva&Expires=1728553933&ssig=sPVkLl9TtB"
5085488289682849,2024-10-03,386,广东,东大谈全面战争确实挺少见的，这话一般是牢美的词[允悲],作死型鸟厨,m,其他,"https://tvax3.sinaimg.cn/crop.0.0.996.996.180/005SBJGAly8gzvrfes8aaj30ro0rogp7.jpg?KID=imgbed,tva&Expires=1728553933&ssig=ouRPv7r%2F5g"
5085488289682849,2024-10-03,114,安徽,老中一般不撤侨，但是这次撤了,Thecyx,m,安徽,"https://tvax4.sinaimg.cn/crop.0.0.829.829.180/007T0o92ly8gh3ptht5v8j30n10n1dgz.jpg?KID=imgbed,tva&Expires=1728553933&ssig=IP5W%2BNr4mt"
5085488289682849,2024-10-03,178,广东,中国说这话绝对不是开玩笑,srkmdo,m,广东 汕头,"https://tvax2.sinaimg.cn/crop.0.0.1002.1002.180/68d087ddly8gqus4qtk21j20ru0rugn2.jpg?KID=imgbed,tva&Expires=1728553933&ssig=yB%2Fi4JQdxW"
5085488289682849,2024-10-04,131,辽宁,可千万别把你与老中为敌和老中与你为敌当一回事[嘻嘻],翱翔的掷弹兵,m,辽宁 沈阳,"https://tva4.sinaimg.cn/crop.305.0.307.307.180/49441ee2jw8ep433dtar2j20nj08omyv.jpg?KID=imgbed,tva&Expires=1728553933&ssig=xyXUKHv35T"
5085488289682849,2024-10-03,71,广东,老中不喜欢说空话废话！[怒],森林霖Ylin,m,北京 东城区,"https://tvax2.sinaimg.cn/crop.0.0.1080.1080.180/008EGAFYly8hruws712nwj30u00u0jur.jpg?KID=imgbed,tva&Expires=1728553933&ssig=m88Vk%2F5K3j"
5085488289682849,2024-10-03,67,陕西,还是那句话，话都说到这份上了，还听不懂就纯属活该了,昵称可否等抢到张票再换,f,上海,"https://tvax3.sinaimg.cn/crop.0.0.330.330.180/008x6Yevly8hrhy48ij2bj3096096t8m.jpg?KID=imgbed,tva&Expires=1728553933&ssig=jHrFtDcLbA"
5085488289682849,2024-10-03,59,西班牙,我擦我还在老欧啊[泪][泪][泪]补药啊,每天睡觉869次,f,其他,"https://tvax4.sinaimg.cn/crop.0.0.1080.1080.180/008y7ROdly8hfd4r30wlkj30u00u0whe.jpg?KID=imgbed,tva&Expires=1728553933&ssig=pkKSn7mrPV"
5085488289682849,2024-10-03,46,辽宁,对特拉维夫进行去城市化运动，人人都住老木屋，家家都有钢叉坐,三河一刀,m,辽宁 大连,"https://tvax1.sinaimg.cn/crop.0.0.1080.1080.180/008nwsiMly8gtofzoyuwpj30u00u0gna.jpg?KID=imgbed,tva&Expires=1728553933&ssig=NPTQVg8X6F"
5085488289682849,2024-10-03,20,河南,莫慌，等一个人日的勿谓言之不预[二哈],捕獭创汇一般兵,m,湖北 武汉,"https://tvax3.sinaimg.cn/crop.0.0.182.182.180/008ukjGXly8hm3m5li24kj3052052dfu.jpg?KID=imgbed,tva&Expires=1728553933&ssig=KA29UIv1gl"
5085488289682849,2024-10-04,42,上海,没事，反正基本上打不到国内。真要是打到了……真打到了还差这点大事小事吗？,叉子灰与六分熟牛排,m,上海 黄浦区,"https://tvax2.sinaimg.cn/crop.0.0.100.100.180/008BQRwJly8hkjt1iiy1bj302s02swe9.jpg?KID=imgbed,tva&Expires=1728553933&ssig=QoYwxumnUx"
5085488289682849,2024-10-03,7,湖北,是这样的,Seismictossy,f,湖北,"https://tvax1.sinaimg.cn/crop.0.0.512.512.180/008hplxQly8htgzt91m89j30e80e8mxy.jpg?KID=imgbed,tva&Expires=1728553933&ssig=uGsR3xtPMP"
5085488289682849,2024-10-03,6,内蒙古,不是，这[裂开],橘皮儿女士,f,北京,"https://tvax4.sinaimg.cn/crop.0.0.1024.1024.180/8e9cf96fly8hb90jydzusj20sg0sgq4i.jpg?KID=imgbed,tva&Expires=1728553933&ssig=mMF8aHUzvY"
5085488289682849,2024-10-03,9,山西,第三赛季？[doge],KangDe_studio,m,海外 加拿大,"https://tva1.sinaimg.cn/crop.0.0.749.749.180/006BIfVyjw8f9k3re28a8j30ku0ktt99.jpg?KID=imgbed,tva&Expires=1728553933&ssig=wliEf3%2FBxk"
5085488289682849,2024-10-03,14,上海,撒情况？国庆还没过完呢[汗],银票888,f,上海 浦东新区,"https://tvax2.sinaimg.cn/crop.0.0.960.960.180/006MS4tMly8h85ip73es7j30qo0qp0ui.jpg?KID=imgbed,tva&Expires=1728553933&ssig=Mtj9S%2Fk6rf"
5087903635997489,2024-10-10,39,四川,所以我从来不在直播间买东西，虽然其他地方买的也好不到哪去[裂开],我是火锅法师,m,其他,"https://tvax2.sinaimg.cn/crop.0.0.996.996.180/007wm9kuly8gs5zzbz1x7j30ro0romyr.jpg?KID=imgbed,tva&Expires=1728553936&ssig=fC06xknPJr"
5087903635997489,2024-10-10,24,山西,感觉网红…主播这类词 已经渐渐偏向贬义性质了,-卖银的老大爷-,m,山西 太原,"https://tvax3.sinaimg.cn/crop.0.0.800.800.180/008z3CPoly8hgjbohlcowj30m80m8wfc.jpg?KID=imgbed,tva&Expires=1728553936&ssig=95jqwJzeLR"
5087903635997489,2024-10-10,6,福建,第一反应。。。欺骗 食品 价款10倍 1000以上[微笑]已疯,吞仔y,f,福建,"https://tvax2.sinaimg.cn/crop.0.0.751.751.180/95644765ly8g6ahxhs32nj20kv0kvjsc.jpg?KID=imgbed,tva&Expires=1728553936&ssig=SyDTzlvXZN"
5087903635997489,2024-10-10,4,浙江,现在基本上所有直播间卖的食品都会提到配料表干净……[笑cry]咱就笑笑不说话🙊,不考108_分不收手,m,北京 东城区,"https://tvax1.sinaimg.cn/crop.0.0.844.844.180/005GEFRhly8hu61gk1fv6j30ng0ngmxt.jpg?KID=imgbed,tva&Expires=1728553936&ssig=Yv7X1ZPsnu"
5087903635997489,2024-10-10,0,天津,@香迷糊线上主厨 别说我不念着你,小狗睡不醒咩,f,西藏 山南,"https://tvax3.sinaimg.cn/crop.0.0.1080.1080.180/0082wV3hly8ht9fr0h9i1j30u00u0juq.jpg?KID=imgbed,tva&Expires=1728553936&ssig=PvLhhmjB%2BA"
5087903635997489,2024-10-10,2,广西,网红能有几个真，都是卖杂牌没质量保证的，一个比一个会吹，为什么网红们直播间基本都是在带货杂牌呢，那还不是因为佣金高，都4 50%以上，反正骗了她们所谓的家人们，那些所谓的家人们还觉得自己买得值了[二哈][二哈][二哈],奶茶不用加糖噢,f,广东 深圳,"https://tvax2.sinaimg.cn/crop.0.0.1080.1080.180/ebbd4a79ly8hpgvsodxpej20u00u0q73.jpg?KID=imgbed,tva&Expires=1728553936&ssig=i%2B%2BVSEeu%2FS"
5087903635997489,2024-10-10,1,江苏,不理解已经赚这么多钱了为什么还要以身试法，以前315暴光过这个内容的啊。这团队的人都不怕出事的吗[允悲],冰雪消融7853,f,其他,"https://tvax4.sinaimg.cn/crop.0.0.480.480.180/00735N6aly8hpzlxzzzkoj30dc0dcq2y.jpg?KID=imgbed,tva&Expires=1728553936&ssig=vy6reJyeBh"
5087903635997489,2024-10-10,1,天津,这是不是构成犯罪了，我记得卖假减肥药的都进去了,小馄饨不吃吐不罢休,f,天津,"https://tvax1.sinaimg.cn/crop.0.0.1080.1080.180/8cba5b45ly8hhhj61ec4hj20u00u0n1o.jpg?KID=imgbed,tva&Expires=1728553936&ssig=sqVJFBsf1L"
5087320263362383,2024-10-09,2,四川,好漂亮的腿，这是谁,马慢慢,f,四川 成都,"https://tvax3.sinaimg.cn/crop.0.0.1080.1080.180/65fa43dfly8hlk46bkm4dj20u00u0dhw.jpg?KID=imgbed,tva&Expires=1728553940&ssig=Ejf2WudCp6"
5087320263362383,2024-10-08,2,广东,被踢爽了[晕],有灰bb,f,广东,"https://tvax4.sinaimg.cn/crop.0.0.512.512.180/007cqXhXly8hmijl4l69xj30e80e8dgq.jpg?KID=imgbed,tva&Expires=1728553940&ssig=lg0n4shYzF"
5087320263362383,2024-10-10,8,广东,以为鞋飞出去了,我是我的小王子丶,f,北京 朝阳区,"https://tvax3.sinaimg.cn/crop.0.0.500.500.180/d3bb64d1ly8huh8963ej3j20dw0dwt9x.jpg?KID=imgbed,tva&Expires=1728553940&ssig=kX7Fwl2TMt"
5087320263362383,2024-10-10,1,河南,期待你更多的创作,刘佳不想睡,m,山西 太原,"https://tvax2.sinaimg.cn/crop.0.0.179.179.180/61af93e6ly8hugmndrv39j204z04zt8l.jpg?KID=imgbed,tva&Expires=1728553940&ssig=Vy7xBzGh8d"
5087320263362383,2024-10-09,1,江苏,鞇爰尊重祝福[太开心],索菲亚凯瑟琳,f,陕西,"https://tva4.sinaimg.cn/crop.0.0.180.180.180/9492e657jw1e8qgp5bmzyj2050050aa8.jpg?KID=imgbed,tva&Expires=1728553940&ssig=u40g1GjBKm"
5087320263362383,2024-10-09,1,河北,真不一般[嘘],Wisml,m,四川 成都,"https://tva1.sinaimg.cn/crop.0.0.640.640.180/77262b7cjw8ei81p0m2raj20hs0hsgm3.jpg?KID=imgbed,tva&Expires=1728553940&ssig=X6HJ8QYKHy"
5087320263362383,2024-10-09,0,浙江,@Olivecomadie 哈哈奇葩,草莓麻薯牛奶_Aer,f,上海,"https://tvax2.sinaimg.cn/crop.0.0.1080.1080.180/006gSsYlly8hh5qpbq5ngj30u00u0ago.jpg?KID=imgbed,tva&Expires=1728553940&ssig=8lUSYxWUZ7"
5087320263362383,2024-10-08,0,吉林,[融化],618号_橘子汽水,f,吉林,"https://tvax1.sinaimg.cn/crop.0.0.1080.1080.180/008sm3Tdly8hu93qjp8kij30u00u0aek.jpg?KID=imgbed,tva&Expires=1728553940&ssig=MrhbemSF%2BJ"
5087320263362383,2024-10-08,0,吉林,24,橘秋恒吟,f,吉林,"https://tvax2.sinaimg.cn/crop.0.0.1080.1080.180/006CJu0fly8hstdfgvsfjj30u00u0tab.jpg?KID=imgbed,tva&Expires=1728553940&ssig=BXK3hlz0v%2B"
5087320263362383,2024-10-08,0,辽宁,哇,臭屁小铲,f,其他,"https://tvax2.sinaimg.cn/crop.0.0.1080.1080.180/008w9xd9ly8ht2krzyfbrj30u00u0ae0.jpg?KID=imgbed,tva&Expires=1728553940&ssig=rZfX%2BdkMPE"
5087320263362383,2024-10-08,0,广东,挺好,迷糊一会二,f,其他,"https://tvax2.sinaimg.cn/crop.0.0.925.925.180/006YDBkLly8hobs3ojwy1j30pp0pp74t.jpg?KID=imgbed,tva&Expires=1728553940&ssig=joVRsmIsbr"
5087320263362383,2024-10-09,2,吉林,路过比男足踢的好[二哈],奶酪呆呆鱼,f,吉林,"https://tvax3.sinaimg.cn/crop.0.0.1080.1080.180/006R2zs1ly8huf4tgafqrj30u00u0djf.jpg?KID=imgbed,tva&Expires=1728553940&ssig=u4RjOCrIym"
5087320263362383,2024-10-08,1,江苏,好看,今天也要凯心呐,f,河南 郑州,"https://tvax3.sinaimg.cn/crop.0.0.1080.1080.180/0087lA0ply8htn5jx15lsj30u00u0q5n.jpg?KID=imgbed,tva&Expires=1728553940&ssig=zMMfYIH%2FRG"
5087320263362383,2024-10-08,0,北京,这运镜绝了，一脚踢出个精彩宇宙，夸夸喵也想学踢星球了！,夸夸小猫猫,f,其他,"https://tvax1.sinaimg.cn/crop.0.0.400.400.180/008CmazUly8hm28hgz97nj30b40b4t8u.jpg?KID=imgbed,tva&Expires=1728553940&ssig=EN%2FCP1dJ0B"
5087320263362383,2024-10-09,0,江苏,这裙子好短呀，看着很不方便,天秤座only22,f,安徽,"https://tvax2.sinaimg.cn/crop.0.0.600.600.180/006RD62Cly8hco4dcfsk7j30go0goab4.jpg?KID=imgbed,tva&Expires=1728553940&ssig=0pverNPK1o"
5087320263362383,2024-10-09,0,黑龙江,鞋甩飞了？,提莫不是短尾猫,m,其他,"https://tva4.sinaimg.cn/crop.0.0.100.100.180/006o2Ye9jw8f0qq0ihuwrj302s02sweb.jpg?KID=imgbed,tva&Expires=1728553940&ssig=Mk5sQj6MXp"
5087320263362383,2024-10-09,0,河南,怪可爱的,君子之交_123,f,北京,"https://tvax2.sinaimg.cn/crop.0.0.1080.1080.180/88054593ly8hkt3j6mnnpj20u00u0ab4.jpg?KID=imgbed,tva&Expires=1728553940&ssig=EgmZptg2aj"
5087320263362383,2024-10-09,0,广东,以为鞋飞出去了[允悲],Mr__Dyl,m,广东 广州,"https://tvax3.sinaimg.cn/crop.0.0.829.829.180/6ee7b785ly8g985e870chj20n10n1q46.jpg?KID=imgbed,tva&Expires=1728553940&ssig=6SOLnLfntt"
5087320263362383,2024-10-09,0,山东,我以为鞋飞出去了,Baymax12138,m,山东 青岛,"https://tva2.sinaimg.cn/crop.0.0.100.100.180/005WBvb3jw8enknqmr002j302s02smwz.jpg?KID=imgbed,tva&Expires=1728553940&ssig=Y5TlgpNrFV"
5087528478578312,2024-10-09,77,广西,只是做PPT的时候钱到位了而已，不然每家LOGO都带颜色[doge],暗号Live,m,广西 南宁,"https://tvax4.sinaimg.cn/crop.0.0.144.144.180/6e50e9f5ly8gdi6k9s7n9j20400403z9.jpg?KID=imgbed,tva&Expires=1728553943&ssig=z%2Bg8n%2BMrJN"
5087528478578312,2024-10-09,198,福建,有一说一，小米没花钱之前Logo也是这个配色,小鱼SFish,m,福建 泉州,"https://tvax3.sinaimg.cn/crop.0.0.400.400.180/005UikVXly8fudtu4jbo9j30b40b40vg.jpg?KID=imgbed,tva&Expires=1728553943&ssig=jJ03t0O13c"
5087528478578312,2024-10-09,45,山东,毕竟为普及联发科立下汗马功劳，成功把魅族所谓的高端芯片用在红米上,冲呀瑞瑞,f,其他,"https://tvax3.sinaimg.cn/crop.0.0.1002.1002.180/7b9f4255ly8gag36w7ywoj20ru0ru77s.jpg?KID=imgbed,tva&Expires=1728553943&ssig=rXRxGukRJM"
5087528478578312,2024-10-09,37,广东,哈哈哈哈，唯一一个最亮眼的,fenibook,m,广东 东莞,"https://tvax2.sinaimg.cn/crop.0.0.1080.1080.180/735b0e29ly8gmzzcxz4y3j20u00u00vd.jpg?KID=imgbed,tva&Expires=1728553943&ssig=KB%2BVFaVRbR"
5087528478578312,2024-10-09,44,广东,黑厂应该全黑啊，以后留空那里就知道是黑厂了[doge],不知时光为谁留,f,广东,"https://tvax2.sinaimg.cn/crop.0.0.996.996.180/9e740c55ly8ff8eunj3wlj20ro0roabg.jpg?KID=imgbed,tva&Expires=1728553943&ssig=Wr1GqRz7Ke"
5087528478578312,2024-10-09,20,河南,最亮眼最醒目[doge],南都夜雨半城殇,m,其他,"https://tvax3.sinaimg.cn/crop.0.0.1024.1024.180/008xFLpmly8hs7ow47fp5j30sg0sggmy.jpg?KID=imgbed,tva&Expires=1728553943&ssig=XDnFK8v0N%2B"
5087528478578312,2024-10-09,23,安徽,不仅仅是logo，完全可以做同色设计，还是大客户[doge][doge][doge],世界独余我一人,m,安徽,"https://tvax1.sinaimg.cn/crop.0.0.1002.1002.180/00641mROly8gh7advrnn3j30ru0ruta0.jpg?KID=imgbed,tva&Expires=1728553943&ssig=tyiTdkSMKO"
5087528478578312,2024-10-09,0,辽宁,不应该用Xiaomi那个么？,不会大强,f,其他,"https://tvax3.sinaimg.cn/crop.0.0.512.512.180/006KUGhJly8gllhd42ecbj30e80e841q.jpg?KID=imgbed,tva&Expires=1728553943&ssig=sR9oWA8R31"
5087528478578312,2024-10-09,3,广东,太扎眼[允悲],女王铁粉,m,其他,"https://tvax1.sinaimg.cn/crop.0.0.960.960.180/006oa0pvly8hfvvfnmee6j30qo0qowhr.jpg?KID=imgbed,tva&Expires=1728553943&ssig=Q5WpODoIPl"
5087528478578312,2024-10-10,1,辽宁,low耀凭什么排第一个,辽北弗洛伊德,m,其他,"https://tvax1.sinaimg.cn/crop.0.0.132.132.180/008EU7vply4hrnrzvmztxj303o03omx0.jpg?KID=imgbed,tva&Expires=1728553943&ssig=r9YOKBHYPz"
5087528478578312,2024-10-09,0,北京,不应该放Redmi吗？[doge],单向透明QAQ,m,山西 吕梁,"https://tva4.sinaimg.cn/crop.0.0.1080.1080.180/005EMdXljw8epk8mreeozj30u00u03zs.jpg?KID=imgbed,tva&Expires=1728553943&ssig=6DOiE67o1U"
5087528478578312,2024-10-09,3,上海,魅族:当年要不是我……[笑而不语],Saturn0921,m,江苏 淮安,"https://tvax4.sinaimg.cn/crop.0.0.925.925.180/006rR6Lfly8gyzj13gdcgj30pp0pp0ta.jpg?KID=imgbed,tva&Expires=1728553943&ssig=%2FynfI1bMfa"
5087528478578312,2024-10-09,0,广东,你•喜欢吗？[嘻嘻],天空飘来光闪闪的五个大字,m,其他,"https://tvax4.sinaimg.cn/crop.0.0.1080.1080.180/008sBIFjly8ho4fukfktpj30u00u0n4i.jpg?KID=imgbed,tva&Expires=1728553943&ssig=Ou7qkcEerU"
5087528478578312,2024-10-09,0,内蒙古,特别亮眼哈哈哈哈,Derrick_977,m,内蒙古 巴彦淖尔市,"https://tvax3.sinaimg.cn/crop.0.0.1080.1080.180/005Dzw7Ely8hp6cjmc6t2j30u00u076j.jpg?KID=imgbed,tva&Expires=1728553943&ssig=HzV8TeTdat"
5087528478578312,2024-10-09,0,江苏,很突出,吉事多Allen,m,江苏,"https://tvax4.sinaimg.cn/crop.0.0.996.996.180/c5626300ly8fyqz6mie8ej20ro0rojuv.jpg?KID=imgbed,tva&Expires=1728553943&ssig=mx4et9bluJ"
5087528478578312,2024-10-09,0,安徽,卤蛋的头发也没白花钱[doge],陆离1207,m,江苏 苏州,"https://tvax2.sinaimg.cn/crop.0.0.996.996.180/88463056ly8gpurlbkm2nj20ro0roac7.jpg?KID=imgbed,tva&Expires=1728553943&ssig=%2FFgWCvJI9H"
5087528478578312,2024-10-09,0,安徽,哈哈哈,陆离1207,m,江苏 苏州,"https://tvax2.sinaimg.cn/crop.0.0.996.996.180/88463056ly8gpurlbkm2nj20ro0roac7.jpg?KID=imgbed,tva&Expires=1728553943&ssig=%2FFgWCvJI9H"
5087528478578312,2024-10-09,2,安徽,橙色本来就是大自然里最少的颜色，所以橙色是最显眼的，这个他们在创业之初应该就规划好了小米的主题色。,某人SSS,m,安徽 合肥,"https://tvax1.sinaimg.cn/crop.0.0.1080.1080.180/785b5513ly8hb0q8e7p4oj20u00u0jue.jpg?KID=imgbed,tva&Expires=1728553943&ssig=jGiza%2B2DZB"
5087528478578312,2024-10-10,0,江苏,狡辩。不花钱重新设计之前，不也是一样的效果麽[允悲],蓝子主义,m,江苏 南京,"https://tvax3.sinaimg.cn/crop.0.0.1080.1080.180/ae34a844ly8hkub7j1b37j20u00u0tbh.jpg?KID=imgbed,tva&Expires=1728553943&ssig=gZtY0i0WBr"
5087528478578312,2024-10-10,0,江苏,非常显眼,JOHN_姚,m,江苏 南京,"https://tva3.sinaimg.cn/crop.4.0.113.113.180/706645b6jw8f6vdc15jkgj209k035749.jpg?KID=imgbed,tva&Expires=1728553943&ssig=05E58K9IT1"
5087309652034374,2024-10-09,0,江苏,省能耗是因为他就三千多的电池 换安卓五千多 他需要省?,日抛型工具人Echo,m,江苏,"https://tvax1.sinaimg.cn/crop.0.0.512.512.180/006z7Ul7ly8gj31l16ls7j30e80e8glm.jpg?KID=imgbed,tva&Expires=1728553946&ssig=lNu8U6D4x5"
5087309652034374,2024-10-09,9,上海,灵动岛无疑是成功的软硬件结合。 不知道你哪来这么多见解,yq_dev,m,上海 闵行区,"https://tvax3.sinaimg.cn/crop.0.0.1080.1080.180/005UyUGbly8ht42smq9vvj30u00u075r.jpg?KID=imgbed,tva&Expires=1728553946&ssig=RKvevMjXTr"
5087309652034374,2024-10-09,0,广东,相比长焦，我感觉我日常广角镜头用的更多,突然想喝冰阔落,m,湖南 常德,"https://tvax4.sinaimg.cn/crop.0.0.800.800.180/005yis5Gly8h25pwp00ssj30m80m8abh.jpg?KID=imgbed,tva&Expires=1728553946&ssig=fF5bzu0BlX"
5087309652034374,2024-10-10,0,河北,该买的人还是会买。[doge]主打一用一个不吱声。,JayYang1988,m,河北 邯郸,"https://tvax2.sinaimg.cn/crop.0.0.1008.1008.180/7d1d7b73ly8g71stxyydnj20s00s0752.jpg?KID=imgbed,tva&Expires=1728553946&ssig=5VRaDY7ymc"
5087309652034374,2024-10-08,0,北京,哈哈，苹果你这是在夸自己吗？,高老庄庄主_猪八戒,m,其他,"https://tvax4.sinaimg.cn/crop.0.0.512.512.180/008CmazGly8hlvojjx21lj30e80e8wf4.jpg?KID=imgbed,tva&Expires=1728553946&ssig=fd71kkKQdb"
5087309652034374,2024-10-09,0,黑龙江,反正钱是赚不完的,麻辣苹果Sjf_RBZ,m,黑龙江 哈尔滨,"https://tvax3.sinaimg.cn/crop.0.0.1080.1080.180/008EiIfaly8hq9sjedzftj30u00u00xe.jpg?KID=imgbed,tva&Expires=1728553946&ssig=CCV4JoVkq%2F"
5087309652034374,2024-10-08,1,吉林,目前相机按钮确实不好用，而且拍照时候经常误触调焦,Saki不见了,f,吉林 吉林,"https://tvax1.sinaimg.cn/crop.0.0.512.512.180/a254e237ly8fstmcr6983j20e80e80t2.jpg?KID=imgbed,tva&Expires=1728553946&ssig=dd%2BG4tzjIW"
5087309652034374,2024-10-08,0,山西,真想长焦好，不如研究相机和镜头[doge],Jojhin,m,其他,"https://tvax2.sinaimg.cn/crop.0.0.1080.1080.180/008xCTiJly8hr7njtq2e2j30u00u0te5.jpg?KID=imgbed,tva&Expires=1728553946&ssig=QWvl3R2L5y"
5087309652034374,2024-10-09,8,浙江,Face ID都能吐槽了？搞笑,小沈同学爱小艾,m,浙江 湖州,"https://tvax3.sinaimg.cn/crop.0.0.512.512.180/006f5aVAly8h3n4q66mymj30e80e8gm7.jpg?KID=imgbed,tva&Expires=1728553946&ssig=JbF%2BIUmCtd"
5087309652034374,2024-10-09,1,江苏,安卓的单孔就像支钉烧一样难受，真的是瑕疵越小越像瑕疵，还不如药丸倒像个组件,科学养马,m,北京,"https://tvax4.sinaimg.cn/crop.0.0.1080.1080.180/008tbuWUly8hk8u7z4earj30u00u041d.jpg?KID=imgbed,tva&Expires=1728553946&ssig=oeCDarEUl4"
5087309652034374,2024-10-09,1,广东,卓仔天天骂果，都想抄越果[666],mario_in_china,m,广东 广州,"https://tvax3.sinaimg.cn/crop.0.0.852.852.180/6799a1dbly8hjy17r4pczj20no0nomy5.jpg?KID=imgbed,tva&Expires=1728553946&ssig=zha9kbAbrf"
5087309652034374,2024-10-09,0,浙江,安卓有支付级别的面容识别吗？,autumn_ssss,f,北京,"https://tvax1.sinaimg.cn/crop.0.0.512.512.180/005AfDyRly8h9vbpftq46j30e80e8mx7.jpg?KID=imgbed,tva&Expires=1728553946&ssig=Bt0LshAA3X"
5087309652034374,2024-10-09,0,山西,装巨魔好像可以全局高刷,ForYSuc,m,河南,"https://tvax4.sinaimg.cn/crop.0.0.422.422.180/0087ugBRly8hl0gfn15ixj30bq0bqq3g.jpg?KID=imgbed,tva&Expires=1728553946&ssig=1qxhSvSSbP"
5087309652034374,2024-10-10,1,福建,苹果压根不懂人体工学。大屏手机，左侧返回，真是招笑。还好自适应结晶了，都是左撇子。,白胡桃,m,其他,"https://tvax3.sinaimg.cn/crop.0.0.1080.1080.180/006zoM8Rly8hn3tbgk5g7j30u00u0wg3.jpg?KID=imgbed,tva&Expires=1728553946&ssig=Rwn3xlCDyp"
5087309652034374,2024-10-09,1,北京,第一，安卓120Hz既流畅又能做到自适应刷新率降低功耗，有哪个安卓是全程120Hz？第二，灵动岛的功能并不依赖灵动岛本身，反而因为安卓的小开孔能让信息显示更多，而且FaceID的实用性完全比不上屏幕指纹，尤其是超声波屏下指纹。第三，安卓相机模组凸起最多的是大底主摄，潜望更多是占用横向空间……[汗],我头烫糊过,m,其他,"https://tvax3.sinaimg.cn/crop.0.0.1080.1080.180/b44f45e0ly8g28061ruq3j20u00u0dk4.jpg?KID=imgbed,tva&Expires=1728553946&ssig=SV2fji88lB"
5087309652034374,2024-10-10,0,河南,长时间都用过苹果和安卓的。才能知道苹果确实更好用,回忆停留在夏末,m,山东 青岛,"https://tva4.sinaimg.cn/crop.0.0.200.200.180/6bf9f64bjw1ebbim9ctwdj205k05k74b.jpg?KID=imgbed,tva&Expires=1728553946&ssig=q9ZxjWi3KT"
5087309652034374,2024-10-10,1,甘肃,所以希望安卓天下第一啊！！ 打死苹果！ [酷],胖小南,m,甘肃 兰州,"https://tvax2.sinaimg.cn/crop.0.0.750.750.180/6d84e769ly8fegkqp7ythj20ku0ku74q.jpg?KID=imgbed,tva&Expires=1728553946&ssig=Pbv50VE38s"
5087309652034374,2024-10-09,0,江苏,都让你说完了[太开心],Kyoenn_030,m,其他,"https://tvax3.sinaimg.cn/crop.0.0.1080.1080.180/006pujLEly8hqwrf8p9l3j30u00u0gnn.jpg?KID=imgbed,tva&Expires=1728553946&ssig=MmT7Dd7mV3"
5087309652034374,2024-10-09,0,北京,认同最后一句话,宇爹考研,m,上海,"https://tvax3.sinaimg.cn/crop.0.0.828.828.180/006542DHly8h9jlv9jnlmj30n00n00tc.jpg?KID=imgbed,tva&Expires=1728553946&ssig=zwzJyZ6IN2"
5087309652034374,2024-10-09,0,湖南,随便你安卓咋样，我有ios[偷笑],孟先生静待花开,m,其他,"https://tvax4.sinaimg.cn/crop.0.0.132.132.180/006ZW6BQly8fnet7mvx2qj303o03o3yb.jpg?KID=imgbed,tva&Expires=1728553946&ssig=Tx6wQn7DNT"
5080709131667160,2024-09-20,3,重庆,上链接,今年想换车,m,其他,"https://tvax1.sinaimg.cn/crop.0.0.1080.1080.180/007DM6wYly8hpvl1jtscsj30u00u00uu.jpg?KID=imgbed,tva&Expires=1728553950&ssig=9uwWwsbgjo"
5080709131667160,2024-09-21,0,广东,老公…,英琮,m,广东,"https://tvax1.sinaimg.cn/crop.0.0.1044.1044.180/0066gr8Yly8ht1f4lkrcvj30t00t0di5.jpg?KID=imgbed,tva&Expires=1728553950&ssig=KD%2BPweETI4"
5080709131667160,2024-09-21,1,上海,衣服无所谓，人可以带走吗？,法式香煎拉拉肥,m,其他,"https://tvax2.sinaimg.cn/crop.0.0.1024.1024.180/008AKuhCly8hi20c3ecb6j30sg0sg772.jpg?KID=imgbed,tva&Expires=1728553950&ssig=DK9CPja9rV"
5080709131667160,2024-09-20,0,陕西,链接,还是叫小土狗叭,m,其他,"https://tvax3.sinaimg.cn/crop.0.0.512.512.180/008zABV8ly8hnkgqsyet7j30e80e80sz.jpg?KID=imgbed,tva&Expires=1728553950&ssig=tWyNb%2B9JlE"
5080709131667160,2024-09-20,0,天津,好壮好喜欢啊,仔仔静候寒假,m,广东,"https://tvax1.sinaimg.cn/crop.0.0.1080.1080.180/006yWdVdly8hszzh6jmvlj30u00u0wgp.jpg?KID=imgbed,tva&Expires=1728553950&ssig=CEggPsbNnm"
5080709131667160,2024-09-20,0,广东,可爱,胖飞是我,m,河南 郑州,"https://tvax4.sinaimg.cn/crop.0.0.996.996.180/006vZSS4ly8gn4ktilg6wj30ro0roq66.jpg?KID=imgbed,tva&Expires=1728553950&ssig=nh%2BiN7FhV0"
5080709131667160,2024-09-21,0,上海,蹲一个链接,头号制冰机,m,其他,"https://tvax4.sinaimg.cn/crop.0.0.512.512.180/006GAwDYly8howd5rgp7aj30e80e8glq.jpg?KID=imgbed,tva&Expires=1728553950&ssig=s%2FzM1Brnns"
5080709131667160,2024-09-21,0,福建,链接在哪里[doge],小葵花可以吃吃你的吗,m,福建 莆田,"https://tvax4.sinaimg.cn/crop.0.0.300.300.180/0075fvQtly8htnkxi1rvyj308c08cjrg.jpg?KID=imgbed,tva&Expires=1728553950&ssig=aEwz8znA2t"
5080709131667160,2024-09-21,0,北京,给我链接,小爷1069,m,其他,"https://tvax1.sinaimg.cn/crop.0.0.1080.1080.180/0074vXvXly8gzgn30s7x8j30u00u040n.jpg?KID=imgbed,tva&Expires=1728553950&ssig=1BXrV6k3UV"
5080709131667160,2024-09-21,0,河北,上车,向虎山,m,其他,"https://tvax2.sinaimg.cn/crop.0.0.1080.1080.180/005Pzb0Kly8h7f0onk2atj30u00u0ab5.jpg?KID=imgbed,tva&Expires=1728553950&ssig=vbWqIFX5yK"
5080709131667160,2024-09-21,0,江苏,链接,虎虎一定会发财的,m,江苏,"https://tvax1.sinaimg.cn/crop.0.0.512.512.180/005tndyEly8hsonnietwtj30e80e8jsa.jpg?KID=imgbed,tva&Expires=1728553950&ssig=qnUvH7iSeK"
5080709131667160,2024-09-20,0,广东,想要链接[doge],饼礼之森,m,广东 深圳,"https://tvax1.sinaimg.cn/crop.0.0.1080.1080.180/723a6d3dly8gwmkge1guyj20u00u0dix.jpg?KID=imgbed,tva&Expires=1728553950&ssig=jGOB5w81M7"
5080709131667160,2024-09-20,0,四川,[举手]让我摸摸看料子怎么样,打瞌睡的冬兼,m,湖北,"https://tvax1.sinaimg.cn/crop.0.0.1080.1080.180/b41c82b3ly8hj3zc4wv0aj20u00u041t.jpg?KID=imgbed,tva&Expires=1728553950&ssig=Dv65BgzU0P"
5080709131667160,2024-09-20,0,北京,有点小壮,天天晴朗v10,m,浙江 杭州,"https://tvax4.sinaimg.cn/crop.0.0.512.512.180/6b060197ly8hlaw2vj5ksj20e80e80t1.jpg?KID=imgbed,tva&Expires=1728553950&ssig=HpMtqCdeRS"
5080709131667160,2024-09-20,0,海南,321上链接,玛雅达_杰尼,m,河北 石家庄,"https://tvax2.sinaimg.cn/crop.0.0.512.512.180/006VW2QBly8hozh509e96j30e80e8js6.jpg?KID=imgbed,tva&Expires=1728553950&ssig=tinkQ%2FUqIU"
5080709131667160,2024-09-20,0,浙江,链接是,本杰明不熬夜,m,江西 萍乡,"https://tvax3.sinaimg.cn/crop.0.0.300.300.180/e26c9a9fly8htanm9h0naj208c08caa1.jpg?KID=imgbed,tva&Expires=1728553950&ssig=n%2F6G3ue2Ug"
5080709131667160,2024-09-20,0,江苏,[二哈]尊嘟假嘟,Kevin_EnHeng,m,其他,"https://tvax1.sinaimg.cn/crop.0.0.512.512.180/005JPxlYly8hoelfaj05ij30e80e874r.jpg?KID=imgbed,tva&Expires=1728553950&ssig=wU8YnqMGBi"
5080709131667160,2024-10-07,0,越南,上链接,锅巴自燃,m,其他,"https://tvax2.sinaimg.cn/crop.0.0.960.960.180/006pZGgaly8hb8hblj7xdj30qo0qoacc.jpg?KID=imgbed,tva&Expires=1728553950&ssig=GV%2B6H0KpMD"
5080709131667160,2024-09-21,0,浙江,求链接,bespoiled57443,m,其他,"https://tvax4.sinaimg.cn/crop.0.0.40.40.180/007fhj2Cly8fubbvy3gjbj3014014741.jpg?KID=imgbed,tva&Expires=1728553950&ssig=Q3fBeSJtkG"
5080709131667160,2024-09-21,0,辽宁,链接🤓,下雪的时候请想起我,m,辽宁 沈阳,"https://tvax1.sinaimg.cn/crop.0.0.512.512.180/acf7ee31ly8hq9i5us27oj20e80e8t98.jpg?KID=imgbed,tva&Expires=1728553950&ssig=Et2DHGIhEO"
5086911685199181,2024-10-07,1496,河南,当时就觉得装装的，但大家都在夸，没敢说……,只是偷了个懒,f,其他,"https://tvax1.sinaimg.cn/crop.0.0.863.863.180/007nKB1lly8hd1cve6vifj30nz0nzgme.jpg?KID=imgbed,tva&Expires=1728553954&ssig=1AYLb0OQty"
5086911685199181,2024-10-07,230,湖北,现在看这些太搞笑了吧[跪了] http://t.cn/A6EOkQBh,蒜蒜收藏夹,f,其他,"https://tvax1.sinaimg.cn/crop.0.0.1080.1080.180/006d7Zu0ly8hgvunm8cwkj30u00u0gne.jpg?KID=imgbed,tva&Expires=1728553954&ssig=j1G4pJyPG%2F"
5086911685199181,2024-10-08,235,安徽,一个运动员看着像rapper的话就烂了,今夏星月无眠,f,其他,"https://tvax4.sinaimg.cn/crop.0.0.512.512.180/73b6480dly8hitmltg000j20e80e8aak.jpg?KID=imgbed,tva&Expires=1728553954&ssig=DLgptr8YAt"
5086911685199181,2024-10-07,594,广西,这个视频红主要是所谓气场 穿着比较酷外加爱国滤镜吧  但脸是从来没get到过,筱桐哥儿,f,海外,"https://tvax3.sinaimg.cn/crop.0.0.640.640.180/006mqYU4ly8h9nh290lg2j30hs0hst9f.jpg?KID=imgbed,tva&Expires=1728553954&ssig=Bz%2F4l%2B7AHe"
5086911685199181,2024-10-07,429,吉林,男人的魅力源自于女人的想象力[允悲],健康平安来财幸运,f,吉林 延边朝鲜族自治州,"https://tvax2.sinaimg.cn/crop.0.0.1080.1080.180/005EzyLbly8hsy3dtd56zj30u00u0wi2.jpg?KID=imgbed,tva&Expires=1728553954&ssig=001WRitLX7"
5086911685199181,2024-10-07,113,湖北,第一个找这个视频bgm的真是天才,·Itsyuan·,f,海外,"https://tvax3.sinaimg.cn/crop.0.0.1080.1080.180/006qyueXly8hgoq7h1vwoj30u00u0401.jpg?KID=imgbed,tva&Expires=1728553954&ssig=H%2BR7P1gDa9"
5086911685199181,2024-10-07,80,江苏,当时就想说了，什么热血cp在男的身上就是好使，当时踩组给一帮黑料泳圈男整的乐乐爸乐乐妈梗真莫名其妙，同时首页还有几百楼审判谷爱凌的帖,春见橘子,f,江苏 南京,"https://tvax1.sinaimg.cn/crop.0.0.1080.1080.180/007fx0UCly8hm9tekq79ej30u00u0dhl.jpg?KID=imgbed,tva&Expires=1728553954&ssig=pvVQ2CgKAa"
5086911685199181,2024-10-07,66,湖北,当时就觉得特别装[衰],鲸吞土豆三文池,f,四川,"https://tvax1.sinaimg.cn/crop.0.0.1053.1053.180/0083jC3Bly8hugrvugvelj30t90t975g.jpg?KID=imgbed,tva&Expires=1728553954&ssig=ELAXnoQwFa"
5086911685199181,2024-10-07,72,四川,因为挡了一大半吧，虾系,木更三一,f,四川 宜宾,"https://tvax1.sinaimg.cn/crop.0.0.690.690.180/bba233f5ly8h3dhn9v13xj20j60j63zw.jpg?KID=imgbed,tva&Expires=1728553954&ssig=fRv97VkCTR"
5086911685199181,2024-10-07,47,贵州,我守这场到凌晨3，结果第7…不是说他不行，现在和他那些事一起看，真的觉得他对不起那个女的…,Psyche_12,f,贵州,"https://tvax3.sinaimg.cn/crop.0.0.464.464.180/005OsS5Qly8hh0x1ztw2uj30cx0cwt9g.jpg?KID=imgbed,tva&Expires=1728553954&ssig=d3u1iGbVyT"
5086911685199181,2024-10-07,34,山东,又是一个表演人格[挖鼻],男德,m,北京,"https://tvax4.sinaimg.cn/crop.0.0.562.562.180/008spnSply8hsdb7ywjtij30fm0fm74s.jpg?KID=imgbed,tva&Expires=1728553954&ssig=PE7VBwNkEB"
5086911685199181,2024-10-07,28,四川,很符合我对体育生的刻板印象,薯圈儿,f,其他,"https://tvax1.sinaimg.cn/crop.0.0.512.512.180/7461d51aly8hp4fd7qyusj20e80e8jrk.jpg?KID=imgbed,tva&Expires=1728553954&ssig=Do8tZDLJgN"
5086911685199181,2024-10-07,16,上海,从来没有滤镜过[允悲]真的自己放着好日子不过男的就是这么令人讨厌要女生这样上热搜早被那群男的骂成啥了就他这样还有“粉丝”维护真的无话可说,Neei-1,f,其他,"https://tvax1.sinaimg.cn/crop.0.0.512.512.180/006GjPOgly8holhvt2qiwj30e80e8q3a.jpg?KID=imgbed,tva&Expires=1728553954&ssig=ZOHlETxyZP"
5086911685199181,2024-10-08,19,北京,没必要现在踩，当时就是气场很足，给中国队挺长脸的,是京丫丫呀,m,其他,"https://tvax2.sinaimg.cn/crop.0.0.512.512.180/006D2Ftcly8hb0ifjl3iaj30e80e8ab9.jpg?KID=imgbed,tva&Expires=1728553954&ssig=L1NCla7Eo7"
5086911685199181,2024-10-07,18,辽宁,这什么可夸的 换个女的被骂成啥样[费解],拉拉酱Aurora,m,海外 卢森堡,"https://tvax4.sinaimg.cn/crop.0.0.1080.1080.180/005ZNcryly8ham0cjmkvij30u00u00v0.jpg?KID=imgbed,tva&Expires=1728553954&ssig=X5%2FGZHzyoX"
5086911685199181,2024-10-07,7,湖北,可是这个视频也很难产生滤镜吧[doge],isisuxo,f,湖南,"https://tvax2.sinaimg.cn/crop.0.0.844.844.180/0083J0sqly8hr0a04z8jej30ng0nggom.jpg?KID=imgbed,tva&Expires=1728553954&ssig=gM6ny0Jlm3"
5086911685199181,2024-10-07,7,浙江,也不帅啊,专用冲浪板,f,北京,"https://tvax1.sinaimg.cn/crop.0.0.996.996.180/007cbHuRly8h2xp9hqtmvj30ro0roac4.jpg?KID=imgbed,tva&Expires=1728553954&ssig=XsXWO4OnHC"
5086911685199181,2024-10-07,4,广东,这个视频确实很帅，没刷到之前我完全不认识他，之后搜了下一看咦呃怎么是长这样，就没滤镜了哈哈哈哈哈,我这么幸运做什么都会成功的,f,其他,"https://tvax4.sinaimg.cn/crop.0.0.1080.1080.180/bee6962cly8hu3qypkpqlj20u00u0dgt.jpg?KID=imgbed,tva&Expires=1728553954&ssig=QLA8pvhJmj"
5086911685199181,2024-10-07,2,上海,拿ogg发誓对得起谁。。。,s1eeepyo,f,上海,"https://tvax1.sinaimg.cn/crop.0.0.1080.1080.180/0083pzp2ly8htf7cpr5esj30u00u0ta1.jpg?KID=imgbed,tva&Expires=1728553954&ssig=IPw3%2B3ONwC"
5086911685199181,2024-10-09,1,山西,渣是渣 到真的很帅呀 这气场,回家吃奶去吧你,f,其他,"https://tvax3.sinaimg.cn/crop.0.0.1080.1080.180/007eGO03ly8hgl5pbyc9ij30u00u0td9.jpg?KID=imgbed,tva&Expires=1728553954&ssig=yL%2BT8rSR68"
5087653587847972,2024-10-09,5,北京,真的吃6只螃蟹会流产吗？,成贤过往,f,北京 东城区,"https://tva1.sinaimg.cn/crop.0.0.180.180.180/53a1e326jw1e8qgp5bmzyj2050050aa8.jpg?KID=imgbed,tva&Expires=1728553957&ssig=LjrqHKBf%2BZ"
5087653587847972,2024-10-09,2,江苏,我感觉我全程都没有特别不舒服，38+6择期剖了也没觉得多痛，现在娃13天了[哈哈],美少女琪琪就是我,f,江苏,"https://tvax4.sinaimg.cn/crop.0.0.960.960.180/90d6032fly8h3qmcfsgnej20qo0qo0v2.jpg?KID=imgbed,tva&Expires=1728553957&ssig=dJJ0NuXKcm"
5087653587847972,2024-10-09,2,北京,螃蟹是凉性的。,当归拉法_Dr段,m,北京 海淀区,"https://tva2.sinaimg.cn/crop.0.0.180.180.180/9b745b1fjw1e8qgp5bmzyj2050050aa8.jpg?KID=imgbed,tva&Expires=1728553957&ssig=JimJtgInDQ"
5087653587847972,2024-10-09,2,广东,螃蟹那个会不会是因为没有彻底煮熟有寄生虫上面的[举手],WHY點解_tellmeplz,m,广东 广州,"https://tvax1.sinaimg.cn/crop.0.0.712.712.180/a622a794ly8hubnftaqssj20js0jsdgy.jpg?KID=imgbed,tva&Expires=1728553957&ssig=AtzPgWqaLn"
5087653587847972,2024-10-09,0,广东,我吃了一串山楂糖葫芦，吃完才想起来孕妇好像不能吃，还好没什么反应。,颜兮木雪,f,广东 珠海,"https://tvax2.sinaimg.cn/crop.0.0.960.960.180/7c23868bly8hr6hz9eo5dj20qo0qo42l.jpg?KID=imgbed,tva&Expires=1728553957&ssig=n1A%2BOuqhTt"
5087653587847972,2024-10-09,2,北京,说起来我们院一邻居说她的女儿的故事。因工作原因小两口在外地呆了十个多月。女儿回家来了说胃不舒服，就去医院看病了。然后就被医院留下了，给家长打电话说：快来吧，要生娃了！[汗],尽心观澜,f,北京 东城区,"https://tva2.sinaimg.cn/crop.0.0.640.640.180/96ee0695jw8ei0ztluqhnj20hs0hs0to.jpg?KID=imgbed,tva&Expires=1728553957&ssig=TxnxVu3eht"
5087653587847972,2024-10-10,1,河北,不是很理解要生了自己还不知道那种，不仅肚子大，还有很多很多身体反应啊，生过的都懂吧？哪有线，哪变黑，没生的也不奇怪为什么有这些变化？,求见黎杰峰钱弘俶伯力,f,河北,"https://tvax1.sinaimg.cn/crop.0.0.996.996.180/4a38cf1cly8gjlrmpjluaj20ro0rogoe.jpg?KID=imgbed,tva&Expires=1728553957&ssig=Zdjlb4SvIN"
5087653587847972,2024-10-09,1,福建,正在备孕中，真的是旱的旱死[泪],雨一直夏夏夏夏,f,福建 厦门,"https://tvax1.sinaimg.cn/crop.0.0.512.512.180/006boxljly8gbvyiojttyj30e80e8dg2.jpg?KID=imgbed,tva&Expires=1728553957&ssig=rc2AZoO5WR"
5087653587847972,2024-10-09,3,广东,怀了一个多月才知道，这期间每天上跳舞课体能课还喝酒了也没事……现在6个月了，都还没有孕吐过，太感激这个天使宝宝了，希望四个月后能顺产[喵喵],Anibeth,f,其他,"https://tvax1.sinaimg.cn/crop.0.0.1080.1080.180/0070kt7Lly8ggnbjp9n90j30u00u0whf.jpg?KID=imgbed,tva&Expires=1728553957&ssig=m2cbcTdXzw"
5087653587847972,2024-10-10,0,广东,怀的是什么？这么哪咤？,凡人小苏,f,其他,"https://tvax4.sinaimg.cn/crop.0.0.1080.1080.180/e3625377ly8hrgqeix9jdj20u00u00w6.jpg?KID=imgbed,tva&Expires=1728553957&ssig=cFJLgNE5E6"
5087653587847972,2024-10-09,1,上海,第二条新闻证明张雪峰说的对。,鱼飞不动,f,上海 静安区,"https://tvax1.sinaimg.cn/crop.0.0.815.815.180/83b43cd3ly8hnxv5arhchj20mn0mn77t.jpg?KID=imgbed,tva&Expires=1728553957&ssig=WVClGEF2er"
5087653587847972,2024-10-10,0,上海,真羡慕能自然怀孕的 更羡慕那种全程没啥反应（甚至到快生才知道的）[悲伤],熙熙熙熙熙熙妞儿,f,海外,"https://tva1.sinaimg.cn/crop.0.0.511.511.180/77124bf9jw8eybw1msim4j20e70e8jrx.jpg?KID=imgbed,tva&Expires=1728553957&ssig=qtM9me6yUf"
5087653587847972,2024-10-09,0,北京,我以为你是要表达怀孕前的事[doge],漂移的狗熊,m,其他,"https://tvax3.sinaimg.cn/crop.0.0.1002.1002.180/0028uPECly8gvhhej0bbsj60ru0ruacp02.jpg?KID=imgbed,tva&Expires=1728553957&ssig=iJkHL2D90s"
5087653587847972,2024-10-09,0,北京,[困][汗][黑线],宓598350862,f,北京,"https://tva2.sinaimg.cn/crop.0.0.180.180.180/6350b9a8jw1e8qgp5bmzyj2050050aa8.jpg?KID=imgbed,tva&Expires=1728553957&ssig=rg4vdJ7iFj"
5087653587847972,2024-10-09,0,山东,[笑cry],喜欢吃fish的兔子啊__,m,其他,"https://tvax3.sinaimg.cn/crop.0.0.132.132.180/007K3ziqly4g2bb4herjnj303o03ot8i.jpg?KID=imgbed,tva&Expires=1728553957&ssig=gjWA7kGUEJ"
5087653587847972,2024-10-10,0,江苏,真的看体质，我怀孕八个月，冬天路面有点小结冰，然后我没注意，骑着电瓶车来了个急刹，摔地上了，孩子稳稳的一点事没有，但是本人半年尾椎都是痛的[泪],宝盖头的宵,f,江苏 盐城,"https://tvax1.sinaimg.cn/crop.0.0.1071.1071.180/006bcztSly8hajnu8tiibj30tr0tr75y.jpg?KID=imgbed,tva&Expires=1728553957&ssig=%2F%2BIp7Q1wZs"
5087653587847972,2024-10-10,0,日本,希望孕妈妈们别心理压力太大，生孩子是个顺其自然的过程，多少有点优胜劣汰的意思，正常遵医嘱稍微注意一点就行，尽人事听天命，心情好妈妈孩子才会健康,PonyPanda,f,其他,"https://tvax3.sinaimg.cn/crop.0.0.1006.1006.180/0079G8Grly8fsawi2wk8lj30ry0ryad5.jpg?KID=imgbed,tva&Expires=1728553957&ssig=QhUIVa1gB6"
5087653587847972,2024-10-10,0,河北,山楂 螃蟹我都吃了 孕妇不该吃的我全吃了 一点事没有 娃生下来白白胖胖六斤八[允悲],kiissmi,f,河北,"https://tvax2.sinaimg.cn/crop.0.0.1080.1080.180/0063yoLgly8hoaj97jdw4j30u00u0tc8.jpg?KID=imgbed,tva&Expires=1728553957&ssig=5dVd1ZEFJG"
5087653587847972,2024-10-10,0,河北,我怀孕医生叮嘱我说不要吃海鲜不要吃山楂桂圆，了这都是我爱吃的，忍不住吃了也没事，摔了两跤也没事[允悲],俞大哈哈,f,河北 张家口,"https://tvax4.sinaimg.cn/crop.0.0.996.996.180/006ojNFqly8gdik7kz2vgj30ro0rojsg.jpg?KID=imgbed,tva&Expires=1728553957&ssig=8f08Qp4asM"
5087653587847972,2024-10-09,0,浙江,孕吐到6个月为止[允悲]还好后面一切顺利，娃也超好带，女人这辈子生一个娃足够了[泪]。实在艰辛。,哎呀亚mageline,f,湖北,"https://tvax3.sinaimg.cn/crop.0.0.512.512.180/006mwG97ly8hgpqoruwsej30e80e8t9a.jpg?KID=imgbed,tva&Expires=1728553957&ssig=SdvXof60oz"
5087614936023470,2024-10-09,3,天津,11408的牛马前来报道[允悲],爱la的小涛,m,天津 东丽区,"https://tvax2.sinaimg.cn/crop.0.0.996.996.180/00602SQNly8h2kewap4jfj30ro0rpmze.jpg?KID=imgbed,tva&Expires=1728553961&ssig=O66FLaq2te"
5087614936023470,2024-10-09,2,上海,70天零基础决战11408[doge],我是天才我优先,m,上海 宝山区,"https://tva4.sinaimg.cn/crop.0.0.180.180.180/66c1163cjw1e8qgp5bmzyj2050050aa8.jpg?KID=imgbed,tva&Expires=1728553961&ssig=8xl8hxYZMU"
5087614936023470,2024-10-09,1,安徽,408笑死[doge],吴恩达带带我,m,其他,"https://tvax2.sinaimg.cn/crop.0.0.996.996.180/006DyK9dly8fsvx2hvgayj30ro0ro75r.jpg?KID=imgbed,tva&Expires=1728553961&ssig=YFLFB2TS7X"
5087614936023470,2024-10-09,0,广东,？,不知名小小解说Jack,m,上海,"https://tvax4.sinaimg.cn/crop.0.0.1080.1080.180/007KyHDVly8hrnd3hj5vuj30u00u0q4j.jpg?KID=imgbed,tva&Expires=1728553961&ssig=34IxmpJ2WL"
5087614936023470,2024-10-10,0,辽宁,@空间直角坐标系ta爹,-吹灭小山河-,f,辽宁 大连,"https://tvax3.sinaimg.cn/crop.0.0.1080.1080.180/0088bfXNly8hsaig6bfp6j30u00u0adz.jpg?KID=imgbed,tva&Expires=1728553961&ssig=%2BGKlwKLY1O"
5087614936023470,2024-10-09,0,河南,草哈哈哈哈哈,超级喜欢咻面包,f,其他,"https://tvax2.sinaimg.cn/crop.0.0.960.960.180/0085yoPtly8he0g6bh92tj30qo0qo0uf.jpg?KID=imgbed,tva&Expires=1728553961&ssig=CoLLdZ5nbE"
5087614936023470,2024-10-09,0,天津,天选我408[泪],考杭电进华为,m,天津,"https://tvax4.sinaimg.cn/crop.0.0.512.512.180/008s8UUqly8htk9mr7u6gj30e80e8dfy.jpg?KID=imgbed,tva&Expires=1728553961&ssig=Nk87EUdiFK"
5087614936023470,2024-10-09,0,辽宁,土木 水利 环境 市政 多数改考408 不李姐,我不是奥特曼y,m,吉林 通化,"https://tvax1.sinaimg.cn/crop.0.0.1080.1080.180/006nunt6ly8h1fhpox60ij30u00u0wh9.jpg?KID=imgbed,tva&Expires=1728553961&ssig=VuDhas5Rqw"
5084375521430471,2024-09-30,263,湖北,在矮子乐盛行的时代“脚踏实地”显得尤为可贵[笑cry],花爾東,f,湖北,"https://tvax4.sinaimg.cn/crop.0.0.844.844.180/6b2e70fbly8hug8owo867j20ng0ngmz6.jpg?KID=imgbed,tva&Expires=1728553966&ssig=Xpts6m4Bjy"
5084375521430471,2024-09-30,91,福建,因为一下子变得学生感了，没有了中年男的油腻[笑cry],哒哒哒炸鱼去,f,福建,"https://tvax1.sinaimg.cn/crop.0.0.1080.1080.180/007Y7p7Qly8hda7ws4pcmj30u00u0tbb.jpg?KID=imgbed,tva&Expires=1728553966&ssig=1ts1E8Soc%2B"
5084375521430471,2024-09-30,10,河北,明天就去买一双[太开心],很不闪滴祖闪星,f,河北 秦皇岛,"https://tva4.sinaimg.cn/crop.0.1.1125.1125.180/6ddfbe45jw8er2hk2lun9j20v90vbac6.jpg?KID=imgbed,tva&Expires=1728553966&ssig=izqGV7M0VJ"
5084375521430471,2024-09-30,6,广东,但是我怎么感觉不太搭[允悲],你就是易术家啊,f,其他,"https://tvax3.sinaimg.cn/crop.0.0.637.637.180/007meqTaly8gzmapkhvooj30hp0hpq3t.jpg?KID=imgbed,tva&Expires=1728553966&ssig=9%2Fs1reehvZ"
5084375521430471,2024-09-30,3,安徽,瘦啊，所以没有油,axelRBO,f,其他,"https://tvax4.sinaimg.cn/crop.0.0.512.512.180/951e2e52ly8hiyj97ac93j20e80e83z8.jpg?KID=imgbed,tva&Expires=1728553966&ssig=s9%2FafqybAO"
5084375521430471,2024-09-30,1,北京,苏志燮《我背后的陶斯》发布会 黄种男人穿帆布鞋的完美姿态,文艺妇女李轻舟已过万重山,f,北京,"https://tvax1.sinaimg.cn/crop.0.0.1080.1080.180/61e524f8ly8hfuk0nayi5j20u00u0jt5.jpg?KID=imgbed,tva&Expires=1728553966&ssig=DXVyd6%2FtpU"
5084375521430471,2024-09-30,2,四川,素的,土酷大解,f,四川,"https://tvax4.sinaimg.cn/crop.0.0.512.512.180/a667574aly8hc4vp8bte8j20e80e874h.jpg?KID=imgbed,tva&Expires=1728553966&ssig=uuvmNdfpQk"
5084375521430471,2024-10-01,12,北京,苏志燮穿最好看 http://t.cn/A6EituK3,文艺妇女李轻舟已过万重山,f,北京,"https://tvax1.sinaimg.cn/crop.0.0.1080.1080.180/61e524f8ly8hfuk0nayi5j20u00u0jt5.jpg?KID=imgbed,tva&Expires=1728553966&ssig=DXVyd6%2FtpU"
5084375521430471,2024-10-01,0,云南,的确,不爱吃蔬菜的美美,f,云南 昆明,"https://tvax1.sinaimg.cn/crop.0.0.1080.1080.180/8de2f4c4ly8hhncm7tnetj20u00u00vw.jpg?KID=imgbed,tva&Expires=1728553966&ssig=5%2BeUkRJYSE"
5084375521430471,2024-10-01,0,美国,@陶霖不叫桃子 [好运连连],NN0202_,f,天津 河西区,"https://tvax4.sinaimg.cn/crop.0.0.512.512.180/dcd14ae9ly8hk5o8cmdvpj20e80e8dg2.jpg?KID=imgbed,tva&Expires=1728553966&ssig=H%2Ftz3jwe0w"
5084375521430471,2024-09-30,0,湖北,到冬天我配的也是匡威[酷],苦行尼WD,f,湖北 武汉,"https://tvax3.sinaimg.cn/crop.0.0.1002.1002.180/002eMRRely8gvcrr3yuwaj60ru0rugnf02.jpg?KID=imgbed,tva&Expires=1728553966&ssig=0pnKDckMfA"
5084375521430471,2024-09-30,0,湖南,不知道的以为是男大！谁知道他已经当爸了[跪了],没有蛋饺肉丝,f,北京,"https://tvax1.sinaimg.cn/crop.0.0.512.512.180/005Ij47rly8h0dnxzc65rj30e80e8mxq.jpg?KID=imgbed,tva&Expires=1728553966&ssig=bpIvlCRguh"
5084375521430471,2024-09-30,0,湖南,的人高，底薄且宽，会显得人更矮,21未雨绸缪缪,f,湖南,"https://tvax3.sinaimg.cn/crop.0.0.690.690.180/c1d43917ly8h2oolrt0bbj20j60j675f.jpg?KID=imgbed,tva&Expires=1728553966&ssig=AcnLqv%2B6qt"
5084375521430471,2024-10-05,0,陕西,赞成✅,稻野部比,f,其他,"https://tvax3.sinaimg.cn/crop.0.0.512.512.180/007Nnr20ly8gkdnqcvtlvj30e80e8aab.jpg?KID=imgbed,tva&Expires=1728553966&ssig=d7wG3tnrGO"
5084375521430471,2024-09-30,0,陕西,薄荷糖鞋,咳咳困_ooooop,f,其他,"https://tvax3.sinaimg.cn/crop.0.0.960.960.180/007Uq1K4ly8htxp5flux1j30qo0qot9t.jpg?KID=imgbed,tva&Expires=1728553966&ssig=OOztGs7UEH"
5084375521430471,2024-10-01,1,河北,但是！！！但是！！！薄底鞋千万不要穿轻飘飘裤管还是收着的裤头(甚至都不是开放直筒)，你们理解我说的哪种布料吗，很轻的尼龙,IDOKDOLL,f,其他,"https://tvax3.sinaimg.cn/crop.0.0.1000.1000.180/008D87qYly8hsr1aujqjaj30rs0rswge.jpg?KID=imgbed,tva&Expires=1728553966&ssig=LwbokHeSv2"
5084375521430471,2024-10-04,0,福建,是耶，新来个老师来听课，看不见脸看到穿个Polo衫和匡威，我以为是学生，很清爽。后面才知道是老师[笑哈哈],亚亚笔栗,f,其他,"https://tvax4.sinaimg.cn/crop.0.0.996.996.180/0076Bfc0ly8gpnkrm4qzdj30ro0rognv.jpg?KID=imgbed,tva&Expires=1728553966&ssig=INub4q7N2v"
5084375521430471,2024-10-03,0,青海,特别喜欢匡威,RainRain的人间入口,f,其他,"https://tvax3.sinaimg.cn/crop.0.0.507.507.180/0071MOhBly8htl5pgxsp7j30e30e33ze.jpg?KID=imgbed,tva&Expires=1728553966&ssig=bw1ETctfhx"
5084375521430471,2024-10-03,0,上海,显得有少年感，而且感穿的人个字都不低,用户73208,m,北京,"https://tvax3.sinaimg.cn/crop.0.0.1080.1080.180/007jUbFCly8gl9tc6fskoj30u00u0myw.jpg?KID=imgbed,tva&Expires=1728553966&ssig=sa%2FHCI1DnP"
5084375521430471,2024-10-03,0,广东,有吗？,互联网打工人__,m,广东 广州,"https://tvax1.sinaimg.cn/crop.0.0.512.512.180/bfa74415ly8hdebvowy34j20e80e8ab9.jpg?KID=imgbed,tva&Expires=1728553966&ssig=GIfopsBP4X"
5086783986996093,2024-10-07,1044,吉林,拒绝人参公鸡[允悲],皮皮虾-我们去旅行,f,山东 青岛,"https://tvax3.sinaimg.cn/crop.0.0.751.751.180/662f7aeely8gnios5hygrj20kv0kvdhc.jpg?KID=imgbed,tva&Expires=1728553969&ssig=%2B96Eu0amno"
5086783986996093,2024-10-07,267,北京,拒绝人身攻击,风中的信号塔2020,m,北京,"https://tvax4.sinaimg.cn/crop.0.0.996.996.180/53d7a51dly8gxn8jmwtq0j20ro0rotc4.jpg?KID=imgbed,tva&Expires=1728553969&ssig=ZyJydtFqqB"
5086783986996093,2024-10-07,58,天津,我还以为是神经,越狱狐狐,f,其他,"https://tvax2.sinaimg.cn/crop.0.0.1080.1080.180/bc0b0575ly8hefkw3ktt6j20u00u079f.jpg?KID=imgbed,tva&Expires=1728553969&ssig=4ui0xPB4Lq"
5086783986996093,2024-10-07,69,湖北,看到评论区突然懂了，我还以为是坤[允悲],小城测评,m,湖北,"https://tvax2.sinaimg.cn/crop.0.0.1080.1080.180/ac096424ly8hu3qvkws6xj20u00u0jvi.jpg?KID=imgbed,tva&Expires=1728553969&ssig=uPBb7l4bdM"
5086783986996093,2024-10-07,0,四川,真不错哦，加油,妍如其茗,f,其他,"https://tvax3.sinaimg.cn/crop.0.0.638.638.180/008tzusRly8hdnvmlnt1qj30hq0hq3zw.jpg?KID=imgbed,tva&Expires=1728553969&ssig=T4bSGjdS6A"
5086783986996093,2024-10-07,0,北京,哈哈哈,HEHE之某演员暧昧者,f,澳门,"https://tvax2.sinaimg.cn/crop.0.0.512.512.180/c298b4b8ly8hskde0k3jyj20e80e8dgd.jpg?KID=imgbed,tva&Expires=1728553969&ssig=KwUeE9dEPO"
5086783986996093,2024-10-07,8,安徽,落毛凤凰不如鸡,乔小滚滚,f,江苏 南京,"https://tva4.sinaimg.cn/crop.0.0.996.996.180/79c8b2ddjw8fcd021gq9aj20ro0rodig.jpg?KID=imgbed,tva&Expires=1728553969&ssig=OOfkC%2FU4tl"
5086783986996093,2024-10-07,10,辽宁,我还以为是棒子参鸡汤的不要[笑cry][笑cry][笑cry],善相见,m,海外 其他,"https://tvax1.sinaimg.cn/crop.0.0.1080.1080.180/006qQLiily8he8dazpwibj30u00u075w.jpg?KID=imgbed,tva&Expires=1728553969&ssig=BBHeNwzdQ6"
5086783986996093,2024-10-07,5,湖南,我以为是不要鸡参（不要吱声）,Zeal_Moennig,f,湖南 长沙,"https://tvax3.sinaimg.cn/crop.0.0.996.996.180/5f884384ly8gacxhmz6qxj20ro0rodgl.jpg?KID=imgbed,tva&Expires=1728553969&ssig=DQ34Yql5wy"
5086783986996093,2024-10-08,3,北京,禁止人身攻击！,Aimee_feixi,f,北京,"https://tvax3.sinaimg.cn/crop.0.0.1080.1080.180/699484fbly8h1xka71i2lj20u00u0wgl.jpg?KID=imgbed,tva&Expires=1728553969&ssig=Ldlow%2BMnfN"
5086783986996093,2024-10-07,3,上海,不羁的人生,三防一保,m,北京 海淀区,"https://tvax4.sinaimg.cn/crop.0.0.764.764.180/9f540de3ly8hjfhoqod7zj20l80l8ab2.jpg?KID=imgbed,tva&Expires=1728553969&ssig=n5ZfZsZe2R"
5086783986996093,2024-10-08,1,广东,还以为不要参鸡汤[笑cry],喵-猫力卡住了,f,广东 广州,"https://tvax1.sinaimg.cn/crop.0.0.664.664.180/683ca09ely8gdiqo442abj20ig0igwfa.jpg?KID=imgbed,tva&Expires=1728553969&ssig=8wj3NEjtKj"
5086783986996093,2024-10-07,2,上海,像一个外国名字Jason[允悲][允悲][允悲],醉阿宝就是要盖章,m,上海 静安区,"https://tvax4.sinaimg.cn/crop.0.0.512.512.180/69583185ly8hddcocbj6fj20e80e8q3z.jpg?KID=imgbed,tva&Expires=1728553969&ssig=Fa%2FXp5un4j"
5086783986996093,2024-10-08,0,上海,啊？抵制参鸡汤？[doge][doge],小海歪歪,f,上海 闵行区,"https://tva3.sinaimg.cn/crop.0.0.180.180.180/736be240jw1e8qgp5bmzyj2050050aa8.jpg?KID=imgbed,tva&Expires=1728553969&ssig=7M2myj20w%2F"
5086783986996093,2024-10-07,0,广东,拒绝人身攻击,阳光区摇曳的海藻,f,广东 广州,"https://tva3.sinaimg.cn/crop.0.0.180.180.180/6458b9b9jw1e8qgp5bmzyj2050050aa8.jpg?KID=imgbed,tva&Expires=1728553969&ssig=JCHrr8znot"
5086783986996093,2024-10-07,1,江苏,说明黑人不需要大补。,老楊NJ,f,江苏 南京,"https://tvax4.sinaimg.cn/crop.0.0.300.300.180/70e02a54ly8hbtb6r33mfj208c08c3yp.jpg?KID=imgbed,tva&Expires=1728553969&ssig=W%2BwQ7Rq5RW"
5086783986996093,2024-10-07,2,湖北,拒绝羊鸡[允悲],Minhotbidanx,f,其他,"https://tvax1.sinaimg.cn/crop.0.0.1080.1080.180/80d3e114ly8heopd3gbbij20u00u0jts.jpg?KID=imgbed,tva&Expires=1728553969&ssig=%2BOtAgmxyhM"
5086783986996093,2024-10-10,0,中国香港,我以为是鸡X人生,大圈带小圈,m,广东,"https://tvax1.sinaimg.cn/crop.0.0.1080.1080.180/008xeQbfly8hhkpbfhuqdj30u00u0aec.jpg?KID=imgbed,tva&Expires=1728553969&ssig=%2BTMJecSvc9"
5087907766866138,2024-10-10,2,内蒙古,发现红薯粉条中掺入了木薯淀粉，没有红薯成分，并在上门维权时与东北雨姐团队发生冲突。,辽阔草原锡林郭勒,m,内蒙古,"https://tvax2.sinaimg.cn/crop.0.0.664.664.180/006UnhTFly8gcza9nbtqwj30ig0igdgy.jpg?KID=imgbed,tva&Expires=1728553983&ssig=6%2FO4R7aUIk"
5087907766866138,2024-10-10,3,山东,东北雨姐作为网红主播，其言行举止对消费者具有极大的影响力。然而，她却在产品标签上弄虚作假，欺骗消费者，这种行为严重损害了消费者的信任，也破坏了直播带货行业的健康发展。,陆锡鑫,m,北京 朝阳区,"https://tvax2.sinaimg.cn/crop.0.0.964.964.180/68ec07afly8h8tyfz0fgmj20qs0qsgmj.jpg?KID=imgbed,tva&Expires=1728553983&ssig=X5IKqYkswU"
5087907766866138,2024-10-10,0,重庆,我们自家的20元一斤都不卖,风来的风知晓,f,重庆,"https://tvax2.sinaimg.cn/crop.0.0.1079.1079.180/b88d4d7dly8hc657kj4uxj20tz0tzgo6.jpg?KID=imgbed,tva&Expires=1728553983&ssig=ceY26LhfAN"
5087907766866138,2024-10-10,0,河南,25元5斤都买不来真的红薯粉,己字,m,河南 许昌,"https://tvax4.sinaimg.cn/crop.0.0.1006.1006.180/9da5de13ly8gr0rr8i9zlj20ry0ryabw.jpg?KID=imgbed,tva&Expires=1728553983&ssig=ERJ4naaHay"
5087907766866138,2024-10-10,0,江西,卖的罚死她，生产的罚完进去[怒][怒][怒],蔚蓝色的苗苗,m,其他,"https://tvax4.sinaimg.cn/crop.0.0.1080.1080.180/008kwaYOly8grrgub5chij30u00u00wx.jpg?KID=imgbed,tva&Expires=1728553983&ssig=PMFUPP%2FrFx"
5087907766866138,2024-10-10,0,北京,话分两头说，如果当地想保护雨姐度过这次坎儿，会动用到哪些法条？ 请律所也一并说说。[允悲],大刀向传销分子的头上砍去,m,其他,"https://tva1.sinaimg.cn/crop.0.1.640.640.180/005txcMnjw8ev4wx4jghxj30hs0hu0t9.jpg?KID=imgbed,tva&Expires=1728553983&ssig=mcAhff23p2"
5087907766866138,2024-10-10,0,福建,需要较真的人[打call][打call][打call],用户6472672480,f,其他,"https://tvax1.sinaimg.cn/crop.0.0.132.132.180/00742FNely8fpexgv17mfj303o03oglf.jpg?KID=imgbed,tva&Expires=1728553983&ssig=14ipffg2lm"
5084251986330197,2024-10-02,139,广东,woc血栓长这个样子[傻眼][傻眼][傻眼][傻眼],起名字真是累啊,f,其他,"https://tvax3.sinaimg.cn/crop.0.0.800.800.180/007aDDO7ly8hd3q12sqiyj30m80m8jsk.jpg?KID=imgbed,tva&Expires=1728553986&ssig=wj%2FQ1ZeYNR"
5084251986330197,2024-10-02,234,福建,已经结丹了 ，就是位置有点不对[允悲],赦世莲灯,f,福建 厦门,"https://tvax1.sinaimg.cn/crop.0.0.996.996.180/005OZw1Lly8fwf0c6wl73j30ro0rotca.jpg?KID=imgbed,tva&Expires=1728553986&ssig=V3TI6j%2BaBn"
5084251986330197,2024-10-02,112,陕西,起猛了，以为宝宝在妈妈肚子玩球,当我老公的米虫,f,陕西 延安,"https://tvax2.sinaimg.cn/crop.0.0.664.664.180/a2445ed9ly8gdyr9ob35ej20ig0ig74w.jpg?KID=imgbed,tva&Expires=1728553986&ssig=61pec7Hvqp"
5084251986330197,2024-10-02,134,江苏,已经金丹期了！这这这居然挖出来了,追剧吐槽菌,f,海南 其他,"https://tvax4.sinaimg.cn/crop.0.0.512.512.180/006gY8EZly8h75wxu8rsqj30e80e80t8.jpg?KID=imgbed,tva&Expires=1728553986&ssig=kR%2FAnc%2BXS9"
5084251986330197,2024-10-02,25,广东,咸蛋黄,全国吃肠粉大赛金奖评委,m,海外,"https://tvax1.sinaimg.cn/crop.0.0.1024.1024.180/abc4a17ely8hd645ub2z7j20sg0sg3zp.jpg?KID=imgbed,tva&Expires=1728553986&ssig=PdXgocyQaW"
5084251986330197,2024-09-30,6,浙江,怎么会这么圆,好风千里送行舟,m,浙江,"https://tvax3.sinaimg.cn/crop.0.0.132.132.180/0078SdpFly8fr3pd4fqckj303o03o745.jpg?KID=imgbed,tva&Expires=1728553986&ssig=N2MQp%2BcNeF"
5084251986330197,2024-09-30,4,浙江,我看到了最后，结局惊喜,小虾米别遇鱼,f,江西,"https://tvax1.sinaimg.cn/crop.0.0.639.639.180/007w74rYly8fy8hqrtiu1j30hr0hr75m.jpg?KID=imgbed,tva&Expires=1728553986&ssig=4KQzYrv8hP"
5084251986330197,2024-10-03,14,山西,医生，为什么血栓在心房里，会有喘的症状呢？,Amanda小雨雨,f,山西 太原,"https://tvax3.sinaimg.cn/crop.0.0.1080.1080.180/93ff2e45ly8hrorra84j4j20u00u0q8n.jpg?KID=imgbed,tva&Expires=1728553986&ssig=DJ5ehpfFym"
5084251986330197,2024-09-30,15,山东,震惊,寒云霜海,f,河南 郑州,"https://tvax1.sinaimg.cn/crop.0.93.970.970.180/8b0c37cfly8h4yczo7rb7j20qy0w40tr.jpg?KID=imgbed,tva&Expires=1728553986&ssig=BWErFORi5K"
5084251986330197,2024-10-02,4,广东,怎么取出来呢？,还是想不到起什么名,f,北京,"https://tvax1.sinaimg.cn/crop.0.0.993.993.180/006fbybxly8hh92dj25pkj30rl0rlgm3.jpg?KID=imgbed,tva&Expires=1728553986&ssig=Re6s55uVXv"
5084251986330197,2024-10-02,8,安徽,命大,郑礼雪Exclusive,f,安徽,"https://tvax3.sinaimg.cn/crop.0.0.828.828.180/005OUkNNly8gtlbc27wrdj30n00n0jtz.jpg?KID=imgbed,tva&Expires=1728553986&ssig=%2FtnjtLuI1S"
5084251986330197,2024-10-02,13,上海,这是在修炼内丹呢。,晴野悠悠,f,上海,"https://tvax2.sinaimg.cn/crop.0.0.532.532.180/006u3e5Sly8ht2v7wlwapj30es0est9w.jpg?KID=imgbed,tva&Expires=1728553986&ssig=gbui%2FN%2BQyL"
5084251986330197,2024-10-07,1,四川,是房颤导致的血栓吗,一杯小狗咖啡,f,四川,"https://tvax3.sinaimg.cn/crop.0.0.1080.1080.180/005Ir8Q4ly8hucs7on2eaj30u00u0dj0.jpg?KID=imgbed,tva&Expires=1728553986&ssig=6eJqKgGr%2BZ"
5084251986330197,2024-10-02,6,辽宁,这不是血块吗？为什么叫血栓？心脏负重运行增肌了吗？真是奇观。,Bobona9090,f,海外,"https://tvax1.sinaimg.cn/crop.0.0.1080.1080.180/7bf9f0a1ly8hix9qvzpw3j20u00u075h.jpg?KID=imgbed,tva&Expires=1728553986&ssig=opK7%2BJa0PD"
5084251986330197,2024-10-05,2,广西,好神奇，捏开里面是什么,茜茜廖,f,其他,"https://tvax2.sinaimg.cn/crop.0.0.1080.1080.180/6f315d39ly8hql6h33h5oj20u00u0abx.jpg?KID=imgbed,tva&Expires=1728553986&ssig=4S3pb2yPD9"
5084251986330197,2024-10-07,1,四川,除了喘，咳嗽会这样吗,啥都不想懂_,f,四川 成都,"https://tvax2.sinaimg.cn/crop.0.0.1080.1080.180/8577474aly8hcz0zobp30j20u00u0tc0.jpg?KID=imgbed,tva&Expires=1728553986&ssig=8RLlboizR1"
5084251986330197,2024-10-05,2,甘肃,下肢深静脉血栓怎么治疗呢,阿洛丶,f,甘肃 兰州,"https://tvax4.sinaimg.cn/crop.0.0.1080.1080.180/e2b3d137ly8gdi79icrcxj20u00u0t9k.jpg?KID=imgbed,tva&Expires=1728553986&ssig=fU567cae%2Fy"
5084251986330197,2024-10-07,1,湖南,话说，体内有这个会有症状表现出来吗，不然有的人可能都不知道自己长了,百事可乐不加冰呀,f,湖南,"https://tvax2.sinaimg.cn/crop.0.0.1002.1002.180/0068o8LYly8gebuvonwthj30ru0ruwg8.jpg?KID=imgbed,tva&Expires=1728553986&ssig=qwqSd1LgKA"
5084251986330197,2024-10-07,1,山东,这不是精元吗,尼古拉斯秀佳,f,其他,"https://tvax4.sinaimg.cn/crop.0.0.1080.1080.180/c58c20cbly8hnqfcz3y66j20u00u03zi.jpg?KID=imgbed,tva&Expires=1728553986&ssig=N%2Bb2zesCwo"
5086917960143144,2024-10-07,15,福建,16p跟pm一样的摄像头 要会调 实况解析力很差的 http://t.cn/A6EWhmSe,邻居家的鸽老师,m,福建,"https://tvax3.sinaimg.cn/crop.0.0.1080.1080.180/005LiowYly8hufeq16hubj30u00u0taf.jpg?KID=imgbed,tva&Expires=1728553990&ssig=aBSyafj7CR"
5086917960143144,2024-10-07,1,河南,现在换肯定会亏好多钱的吧[苦涩],Ronronner_NN,f,河南,"https://tvax3.sinaimg.cn/crop.0.0.512.512.180/007RmiD2ly8hoqwk3vipnj30e80e8aao.jpg?KID=imgbed,tva&Expires=1728553990&ssig=1ulZBIo6gQ"
5086917960143144,2024-10-07,0,四川,我老是刷到16p拍的很好的！,十支,f,海外,"https://tvax3.sinaimg.cn/crop.0.0.1080.1080.180/006hRd2Mly8htmfu8xf92j30u00u00uq.jpg?KID=imgbed,tva&Expires=1728553990&ssig=xDHN5dRthQ"
5086917960143144,2024-10-07,1,四川,我怎么在dy上面看到说16p拍照也好看[哆啦A梦害怕][哆啦A梦害怕][哆啦A梦害怕],-汐汐和哈哈-,f,四川,"https://tvax4.sinaimg.cn/crop.0.0.1080.1080.180/007WrZMVly8hub8e5niotj30u00u1775.jpg?KID=imgbed,tva&Expires=1728553990&ssig=6GXxH5TuWq"
5086917960143144,2024-10-07,1,内蒙古,长焦是伟大发明[跪了],狗狗在呐,f,其他,"https://tvax2.sinaimg.cn/crop.0.0.852.852.180/008Bae26ly8hufv9mbtgxj30no0nogmf.jpg?KID=imgbed,tva&Expires=1728553990&ssig=8pi3CEnAe5"
5086917960143144,2024-10-07,2,浙江,不是说两个只有大小和电池的差别吗[淡淡的] 我买的也是16p还没收到,小欢天天开心,m,浙江,"https://tvax1.sinaimg.cn/crop.0.0.1080.1080.180/00627QBxly8hugzbxe9cxj30u00u076z.jpg?KID=imgbed,tva&Expires=1728553990&ssig=I3WW7nIjQO"
5086917960143144,2024-10-08,1,浙江,演唱会坐看台的 我觉得16P 很绝咧[允悲] http://t.cn/A6EjUWMu,哈哈哈哈没有脑袋,f,浙江 宁波,"https://tvax4.sinaimg.cn/crop.0.0.1070.1070.180/506e5662ly8hgs3d64bq1j20tq0tqq42.jpg?KID=imgbed,tva&Expires=1728553990&ssig=Q2Dt5Qb5XN"
5086917960143144,2024-10-08,3,江苏,这俩不是一个COMS吗🤔,麦当当爱肯基基,m,江苏,"https://tvax1.sinaimg.cn/crop.0.0.519.519.180/006HeTzQly8hbygplwpx7j30ef0efglq.jpg?KID=imgbed,tva&Expires=1728553990&ssig=JfAwdwGtGL"
5086917960143144,2024-10-09,2,重庆,16Pro 两款镜头参数一模一样，怎么可能会有区别[允悲],猪是头麦兜,m,重庆 渝中区,"https://tvax2.sinaimg.cn/crop.0.0.512.512.180/67f441f8ly8g7u8y5c0g1j20e80e8q3x.jpg?KID=imgbed,tva&Expires=1728553990&ssig=RGn%2BeLCGVt"
5086917960143144,2024-10-08,2,浙江,p和pm的摄像头不是一样的吗？,朕可是个有故事的adc,f,浙江 宁波,"https://tva2.sinaimg.cn/crop.0.0.512.512.180/693f3f6bjw8f07b6riynbj20e80e83z8.jpg?KID=imgbed,tva&Expires=1728553990&ssig=DCldDEQi1h"
5086917960143144,2024-10-09,1,广东,这俩摄像头模组一模一样 可以去搜搜拍摄技巧[doge],NickHans,m,北京 朝阳区,"https://tvax2.sinaimg.cn/crop.0.0.512.512.180/006ENiFRly8hcdl4kya0nj30e80e8weu.jpg?KID=imgbed,tva&Expires=1728553990&ssig=QTBnYvMBnN"
5086917960143144,2024-10-09,1,英国,我的15真的很丑拍照,totiiix,f,台湾 高雄市,"https://tvax4.sinaimg.cn/crop.0.0.1080.1080.180/007Ww4Igly8huf89zbe75j30u00u0q4j.jpg?KID=imgbed,tva&Expires=1728553990&ssig=7iCea7VV%2F4"
5086917960143144,2024-10-09,1,湖南,@GloamingYun 我max拍的像💩为什么,He小狗的大背头,f,其他,"https://tvax4.sinaimg.cn/crop.0.0.512.512.180/00816K0uly8hrlishheaqj30e80e8q38.jpg?KID=imgbed,tva&Expires=1728553990&ssig=xVbxLaLWyc"
5086917960143144,2024-10-09,1,浙江,@jj-jackson-,pyeoonji_na,f,其他,"https://tvax3.sinaimg.cn/crop.0.0.1080.1080.180/008lhpgRly8hs630kdp4sj30u00u0jut.jpg?KID=imgbed,tva&Expires=1728553990&ssig=oC8PPxQQiR"
5086917960143144,2024-10-07,1,北京,二弟莫愁，忠义之心比像素更清晰，来日共赏盛世华章。,刘备乃玄德,m,其他,"https://tvax2.sinaimg.cn/crop.0.0.599.599.180/008ClRiSly8hlvoolrm6kj30gn0gngm2.jpg?KID=imgbed,tva&Expires=1728553990&ssig=he8CnLOZFp"
5086917960143144,2024-10-08,1,广东,我是15pm感觉不如租个三星  拍真人放大了糊 拍大屏曝光了[淡淡的][淡淡的],ONLYKARINA,f,广东,"https://tvax4.sinaimg.cn/crop.0.0.1080.1080.180/9e4ea50ely8hpnzciya2kj20u00u0myj.jpg?KID=imgbed,tva&Expires=1728553990&ssig=n0VcA%2FInlD"
5087169972537791,2024-10-09,6,广东,@烦烦Nora  下一次的拍切姿势[小黄人高兴]。￼,C2_耀光,m,其他,"https://tvax1.sinaimg.cn/crop.0.0.750.750.180/007P4yDZly8g3t2hz2f2zj30ku0kuq4a.jpg?KID=imgbed,tva&Expires=1728554003&ssig=EznI7d2CQO"
5087169972537791,2024-10-08,21,日本,我不信你只看姿势[笑而不语][坏笑],DEVIL飛不起来,m,海外 日本,"https://tva3.sinaimg.cn/crop.0.0.180.180.180/9f76d1e5jw1e8qgp5bmzyj2050050aa8.jpg?KID=imgbed,tva&Expires=1728554003&ssig=KDX1RVFXNb"
5087169972537791,2024-10-08,56,天津,是中日大战吗？ 竟敢打 本国国宝,Liao5wu,f,其他,"https://tvax4.sinaimg.cn/crop.0.0.1080.1080.180/94503e64ly8hu7esevye7j20u00u0gmv.jpg?KID=imgbed,tva&Expires=1728554003&ssig=u0%2BD4mV4%2B%2F"
5087169972537791,2024-10-08,13,江苏,怪兽怪兽   乖乖   摸摸头   。。。。叫啥来着[偷笑][偷笑][偷笑][偷笑][偷笑]南宫问雅,傻瓜Q你要懂得好好照顾自己,f,其他,"https://tvax3.sinaimg.cn/crop.0.0.960.960.180/006H2hIIly8htbtiuj5rej30qo0qoq5i.jpg?KID=imgbed,tva&Expires=1728554003&ssig=YHRaDq2hOO"
5087169972537791,2024-10-08,26,安徽,她蹦得好高,此人沉梦未醒,f,其他,"https://tvax3.sinaimg.cn/crop.0.0.1024.1024.180/e945e44fly8hu9p4igv3wj20sg0sgtaa.jpg?KID=imgbed,tva&Expires=1728554003&ssig=4Q70vdHOR9"
5087169972537791,2024-10-10,0,辽宁,@饼饼chiharu_Komorebi 20号电切就拍这个，这几天你去借个棒子[打call],千支小刀BigDaddy,m,辽宁 鞍山,"https://tvax2.sinaimg.cn/crop.0.0.1080.1080.180/5d4ccbd5ly8gnxf7slc6nj20u00u075g.jpg?KID=imgbed,tva&Expires=1728554003&ssig=kCDmOMWsdV"
5087169972537791,2024-10-10,0,广东,@小狐狸riki_RIRIKARU 下次拍切姿势有？,乐意李_幺幺,f,北京,"https://tvax2.sinaimg.cn/crop.0.0.1080.1080.180/0067lRGQly8hu9my5kddnj30u00u078n.jpg?KID=imgbed,tva&Expires=1728554003&ssig=CgDbnQM7Mn"
5087169972537791,2024-10-08,1,北京,@_Yozoh xdb！,_Iriskewl,m,北京,"https://tvax1.sinaimg.cn/crop.0.0.875.875.180/0075mgPyly8h1tcvyw5jjj30ob0objt6.jpg?KID=imgbed,tva&Expires=1728554003&ssig=bRKYG5xnIH"
5087169972537791,2024-10-08,12,天津,大腿和手臂肌肉好厉害[哆啦A梦害怕],_公主小妹508,m,其他,"https://tvax1.sinaimg.cn/crop.0.0.690.690.180/006Gj4Vxly8h3mk7g9md0j30j60j6go0.jpg?KID=imgbed,tva&Expires=1728554003&ssig=vxLKRZcvwf"
5087169972537791,2024-10-09,5,浙江,怎么跳这么高的,爱自己才是重要的宝,f,其他,"https://tvax1.sinaimg.cn/crop.0.0.400.400.180/005Z2hNSly8hqkov57hupj30b40b43yr.jpg?KID=imgbed,tva&Expires=1728554003&ssig=p1wWYP3wMr"
5087169972537791,2024-10-09,1,广东,起飞了,blingbling燕燕,f,江苏 南京,"https://tvax3.sinaimg.cn/crop.0.0.179.179.180/4228ddd1ly8hugec8fao9j204z04z0sq.jpg?KID=imgbed,tva&Expires=1728554003&ssig=zhAnIQTLAz"
5087169972537791,2024-10-08,1,天津,咋飞起来的,Liao5wu,f,其他,"https://tvax4.sinaimg.cn/crop.0.0.1080.1080.180/94503e64ly8hu7esevye7j20u00u0gmv.jpg?KID=imgbed,tva&Expires=1728554003&ssig=u0%2BD4mV4%2B%2F"
5087169972537791,2024-10-08,1,天津,[汗],Liao5wu,f,其他,"https://tvax4.sinaimg.cn/crop.0.0.1080.1080.180/94503e64ly8hu7esevye7j20u00u0gmv.jpg?KID=imgbed,tva&Expires=1728554003&ssig=u0%2BD4mV4%2B%2F"
5087169972537791,2024-10-10,0,北京,好漂亮,今天风儿甚是喧嚣哇,f,其他,"https://tvax3.sinaimg.cn/crop.0.0.640.640.180/4c659a13ly8htt24hyn9wj20hs0hs0u4.jpg?KID=imgbed,tva&Expires=1728554003&ssig=uisyjw0Ofc"
5087169972537791,2024-10-09,0,黑龙江,[doge],梅易淋,m,其他,"https://tva3.sinaimg.cn/crop.0.0.664.664.180/dea7bbc7jw8fcnvwzf7wdj20ig0igq3h.jpg?KID=imgbed,tva&Expires=1728554003&ssig=v5BFox9bJO"
5087169972537791,2024-10-08,0,河北,他,Misaka818,m,河北 石家庄,"https://tvax3.sinaimg.cn/crop.0.0.664.664.180/d03a9451ly8gp9a8qoptcj20ig0igjru.jpg?KID=imgbed,tva&Expires=1728554003&ssig=TeO5l3p2Al"
5087169972537791,2024-10-08,0,四川,666,我是小肥猫15876493,m,四川,"https://tvax2.sinaimg.cn/crop.0.0.1080.1080.180/008vNF1Uly8hbzgcgw3y8j30u00u0q3l.jpg?KID=imgbed,tva&Expires=1728554003&ssig=b8YHdJUDq6"
5087169972537791,2024-10-10,0,天津,之前特别火的那个牙通牙也是这个小姐姐,噗噗个噗-,m,其他,"https://tvax1.sinaimg.cn/crop.0.0.996.996.180/b1089619ly8g10bjo6emrj20ro0rodhz.jpg?KID=imgbed,tva&Expires=1728554003&ssig=iFLm6lbxGt"
5087169972537791,2024-10-08,1,江苏,哈[笑cry],匆匆又是哪根葱,f,台湾 高雄市,"https://tvax4.sinaimg.cn/crop.0.0.1002.1002.180/0083LHtBly8gv0yzrgf62j60ru0ru74l02.jpg?KID=imgbed,tva&Expires=1728554003&ssig=EnNHNwZDrY"
5087169972537791,2024-10-08,4,福建,她的屈髋能力好强,是凌浠呀呀呀呀,f,福建,"https://tvax4.sinaimg.cn/crop.0.0.1080.1080.180/007wRxQyly8huclrudgbij30u00u0422.jpg?KID=imgbed,tva&Expires=1728554003&ssig=MU3bP6WTRB"
5081066872505152,2024-09-29,43,陕西,所以是什么,Vivian_Chang_,f,广东 中山,"https://tva3.sinaimg.cn/crop.0.0.180.180.180/946c1bd4jw1e8qgp5bmzyj2050050aa8.jpg?KID=imgbed,tva&Expires=1728554007&ssig=slHO1RqXm4"
5081066872505152,2024-09-21,396,陕西,卖婚庆用品的模特,辣个蓝海,m,其他,"https://tvax1.sinaimg.cn/crop.0.0.132.132.180/006ZVyOily8fng8mk4ri6j303o03o3yc.jpg?KID=imgbed,tva&Expires=1728554007&ssig=sPjAGrktac"
5081066872505152,2024-09-21,269,四川,丈母娘，儿媳妇？[允悲][允悲][允悲]逻辑没问题吗,香香香822,f,四川 成都,"https://tvax1.sinaimg.cn/crop.0.0.996.996.180/ccd0cb48ly8gt6a95hb3hj20ro0rowg6.jpg?KID=imgbed,tva&Expires=1728554007&ssig=E7QscrEov%2F"
5081066872505152,2024-09-21,125,河北,老演员了,红炉配新酒,m,河北 唐山,"https://tvax1.sinaimg.cn/crop.0.0.602.602.180/a5d77e0bly8hu48xllnwnj20gq0gqgmh.jpg?KID=imgbed,tva&Expires=1728554007&ssig=Jong3TkVCD"
5081066872505152,2024-09-22,27,陕西,这老玩意儿有多少子女要结婚？,小龙0326,m,陕西,"https://tvax1.sinaimg.cn/crop.0.80.960.960.180/8d295475ly8gbnrljwd1rj20qo0v5gmt.jpg?KID=imgbed,tva&Expires=1728554007&ssig=6QCFpdrxna"
5081066872505152,2024-09-22,2,江苏,[good],用户稳步向前666,m,江苏 苏州,"https://tvax1.sinaimg.cn/crop.0.0.1080.1080.180/00892Uzgly8gg1drhq4dkj30u00u0tgh.jpg?KID=imgbed,tva&Expires=1728554007&ssig=yCsyfvDa5E"
5081066872505152,2024-09-21,19,北京,这个丈母娘，应该避一避锋芒才对啊。这不，明显是抢了女儿的风头嘛！？[允悲]。,泰山de来客,m,江苏 苏州,"https://tva4.sinaimg.cn/crop.0.0.664.664.180/87c2799djw8f4sg7xr0tyj20ig0igjsz.jpg?KID=imgbed,tva&Expires=1728554007&ssig=X0fm2kXFyz"
5087597646840268,2024-10-09,269,上海,一想到这个节目可能maybe大概只有蔡健雅认真玩音乐我就想笑,这也要发,m,台湾,"https://tvax4.sinaimg.cn/crop.0.0.1080.1080.180/0068HhTyly8hrs2k5oiwjj30u00u0jue.jpg?KID=imgbed,tva&Expires=1728554010&ssig=MeQamO3reH"
5087597646840268,2024-10-09,71,北京,雅雅姐刚回答完问题，紧接着主持人就说：龙龙是金曲制造机哈（果断关闭了直播）,田T天T天T,m,其他,"https://tvax3.sinaimg.cn/crop.0.0.844.844.180/0061Z1k1ly8h9f90vhu6pj30ng0ngq4z.jpg?KID=imgbed,tva&Expires=1728554010&ssig=Y7D9tknqHp"
5087597646840268,2024-10-09,126,湖北,你妈这么真诚的眼神换来主持人嘲讽式的哈哈大笑，真不值得,废话制造机0011号,f,湖北,"https://tvax4.sinaimg.cn/crop.0.0.191.191.180/008tQRo5ly8h3pcnahhbjj305b05b0dw.jpg?KID=imgbed,tva&Expires=1728554010&ssig=ahyUDoKCTH"
5087597646840268,2024-10-09,49,黑龙江,@这也要发: 一想到这个节目可能maybe大概只有蔡健雅认真玩音乐我就想笑,CyaTanyaFQ7,f,其他,"https://tvax3.sinaimg.cn/crop.0.0.1080.1080.180/006nmesxly8hu2e6gpobij30u00u0mzw.jpg?KID=imgbed,tva&Expires=1728554010&ssig=c0uomoV7UU"
5087597646840268,2024-10-09,56,海南,雅雅的身段还是放的太低了,有交直流,m,其他,"https://tvax1.sinaimg.cn/crop.0.0.1080.1080.180/006KgTpRly8hsx0urxabrj30u00u0dhj.jpg?KID=imgbed,tva&Expires=1728554010&ssig=%2FHiOgr0pC3"
5087597646840268,2024-10-09,46,安徽,雅雅能不能参加完第一期紧急退出,WayH-毕业版,m,安徽 芜湖,"https://tvax2.sinaimg.cn/crop.0.0.512.512.180/bdedfefely8htfbaw0mdsj20e80e8wfe.jpg?KID=imgbed,tva&Expires=1728554010&ssig=1EHVQTZPDM"
5087597646840268,2024-10-09,27,广东,只想说这些人站在雅雅面前 讲得出乐理吗？,纯粹男英雄,m,广东 东莞,"https://tvax3.sinaimg.cn/crop.0.0.996.996.180/005FBd9ely8gs1cva1kp6j30ro0rotcv.jpg?KID=imgbed,tva&Expires=1728554010&ssig=ppZAtQdfHD"
5087597646840268,2024-10-09,36,浙江,什么玩意笑死我了 主持人还在硬凹,Brazon1100,m,海外 其他,"https://tvax1.sinaimg.cn/crop.0.0.1080.1080.180/bcaf3842ly8gzqpx0n95oj20u00u0aeo.jpg?KID=imgbed,tva&Expires=1728554010&ssig=nnH%2B8m%2Fcg4"
5087597646840268,2024-10-09,4,北京,我不行了,任孝恒ShawnRen,m,北京 朝阳区,"https://tvax2.sinaimg.cn/crop.0.0.512.512.180/6843e3b9ly8hk5ztamb6pj20e80e8dg4.jpg?KID=imgbed,tva&Expires=1728554010&ssig=3GUkgjso%2Fe"
5087597646840268,2024-10-09,2,上海,看你妈隔壁,ryiecxn,m,其他,"https://tvax4.sinaimg.cn/crop.0.0.512.512.180/67fff811ly8hueqi8wi3pj20e80e83yy.jpg?KID=imgbed,tva&Expires=1728554010&ssig=ipGmnhIhdg"
5087597646840268,2024-10-09,10,北京,这个节目和土赐的声音的区别是？,不言的河,m,其他,"https://tvax1.sinaimg.cn/crop.0.0.224.224.180/008hTtqFly8h6vtcf0xndj3068068t8k.jpg?KID=imgbed,tva&Expires=1728554010&ssig=bx%2FWBC6qZC"
5087597646840268,2024-10-09,3,北京,@-脆香米饼饼- 只能说雅雅真有修养,花吃了一顆灰塵,f,北京,"https://tvax2.sinaimg.cn/crop.0.0.1080.1080.180/008bnlTaly8hpj4hqzuhoj30u00u0gpo.jpg?KID=imgbed,tva&Expires=1728554010&ssig=cX6oH%2ByI2b"
5087597646840268,2024-10-09,18,四川,我雅在这个节目就是可以发脾气有什么疑问吗,有点像5封,m,其他,"https://tvax3.sinaimg.cn/crop.0.0.1080.1080.180/006cDW8Hly8hpv73p3rn4j30u00u0adt.jpg?KID=imgbed,tva&Expires=1728554010&ssig=rf6AkSNnKd"
5087597646840268,2024-10-09,20,广东,我雅一脸认真换来了什么,藍色玻璃杯-,m,海外 澳大利亚,"https://tvax4.sinaimg.cn/crop.0.0.640.640.180/006fE2Y1ly8htnorblqaaj30hs0hs0ss.jpg?KID=imgbed,tva&Expires=1728554010&ssig=lqttucUJng"
5087597646840268,2024-10-09,12,广东,这节目到底给了我雅多少钱,倒嗓天后,m,其他,"https://tvax3.sinaimg.cn/crop.0.0.1080.1080.180/00743rVnly8hd4ofjbds4j30u00u00vk.jpg?KID=imgbed,tva&Expires=1728554010&ssig=R83gtBver6"
5087597646840268,2024-10-09,14,北京,感觉我雅淡淡地生气了但是因为咖位没有那谁大只能作罢,我的九分裤好看,m,其他,"https://tvax1.sinaimg.cn/crop.0.0.1080.1080.180/005F7SJely8ghky53hcpnj30u00u0whh.jpg?KID=imgbed,tva&Expires=1728554010&ssig=U%2FFvdHrBxA"
5087597646840268,2024-10-09,5,湖南,老天这也太土了吧,ImnotJustinnn,m,湖南,"https://tvax2.sinaimg.cn/crop.0.0.1080.1080.180/005GGCHrly8hug9lyme4qj30u00u0gne.jpg?KID=imgbed,tva&Expires=1728554010&ssig=YU79mH9gyS"
5087597646840268,2024-10-09,1,上海,额我好无语啊[允悲]服了[淡淡的]必须真诚！用心！勇气！[给你小心心][给你小心心][给你小心心],离线地图_,m,上海 奉贤区,"https://tvax4.sinaimg.cn/crop.0.0.940.940.180/006EGbCgly8h402dg49knj30q40q40v5.jpg?KID=imgbed,tva&Expires=1728554010&ssig=gEIpTSaazg"
5087597646840268,2024-10-09,12,广东,我们这边的六个字是轻佻，浮夸，造作,DannyFiona,f,其他,"https://tvax3.sinaimg.cn/crop.0.0.1024.1024.180/005AQvlOly8hnzr6nklr5j30sg0sgjud.jpg?KID=imgbed,tva&Expires=1728554010&ssig=e6pT4LZoVC"
5087597646840268,2024-10-10,0,广东,@威尼斯bh,读书女人最美丽读书男人最帅气,m,广东,"https://tvax3.sinaimg.cn/crop.0.0.511.511.180/005VLt1Xly8htruo1r6z8j30e70e7t8x.jpg?KID=imgbed,tva&Expires=1728554010&ssig=IGII%2BnKGY9"
5087153839407937,2024-10-08,33,江苏,请大家不要攻击coser🙏🙏这里只想谴责须蛇主页不负责任又嘴硬的恶劣行径[嘻嘻],莫帕瓦艾尼德,m,海外,"https://tvax1.sinaimg.cn/crop.0.0.512.512.180/007Ykp6Cly8hu4pv5o54cj30e80e874w.jpg?KID=imgbed,tva&Expires=1728554014&ssig=XitTTauIth"
5087153839407937,2024-10-08,25,江苏,@阴阳师须蛇主页 出来狡辩[来][来][来],莫帕瓦艾尼德,m,海外,"https://tvax1.sinaimg.cn/crop.0.0.512.512.180/007Ykp6Cly8hu4pv5o54cj30e80e874w.jpg?KID=imgbed,tva&Expires=1728554014&ssig=XitTTauIth"
5087153839407937,2024-10-08,24,上海,您好！我是这次事发中须佐之男的coser，这边想要纠正这位老师并不是我们两个的任何一位，她这次出的是女体月读。并且她虽然确实是主磕须蛇但是没有任何唆使我和出八岐大蛇的老师进行各种会产生误会的动作。请麻烦您解释清楚不要随便说明错误的信息——,泽言何易,f,上海,"https://tvax4.sinaimg.cn/crop.0.0.1000.1000.180/0084B0ROly8hu4ayydnyyj30rs0rtdm9.jpg?KID=imgbed,tva&Expires=1728554014&ssig=55KFYndemd"
5087153839407937,2024-10-08,22,江苏,coser妹妹很可爱，请大家不要攻击🙏但是好无情的须蛇街道，翻脸不认人啊[吃惊],莫帕瓦艾尼德,m,海外,"https://tvax1.sinaimg.cn/crop.0.0.512.512.180/007Ykp6Cly8hu4pv5o54cj30e80e874w.jpg?KID=imgbed,tva&Expires=1728554014&ssig=XitTTauIth"
5087153839407937,2024-10-08,24,浙江,录音说找到了会管，coser找到了立马割席，二皮脸是这样的,瑶琴寄恨到归时,f,山东,"https://tvax4.sinaimg.cn/crop.0.0.678.678.180/006a6O8Lly8hu64t1mdwsj30iu0iugn6.jpg?KID=imgbed,tva&Expires=1728554014&ssig=sGkOy4ISYK"
5087153839407937,2024-10-08,14,广东,coser穿着那么重的衣服为爱发电，转头就被开除粉籍了，看的我都觉得心梗[黑线],双速18招财头,f,辽宁,"https://tvax4.sinaimg.cn/crop.0.0.1080.1080.180/008yW0Mnly8htz88r6kqvj30u00u0q5p.jpg?KID=imgbed,tva&Expires=1728554014&ssig=7Usxghmjn3"
5087153839407937,2024-10-08,17,上海,大人们，我那天出的是月老师，并不是须蛇中的任何一位，谢谢。我只是之前和他们有过合影而已,拾年5464,f,上海 徐汇区,"https://tvax1.sinaimg.cn/crop.0.0.714.714.180/008f1shmly8hqlqgaivfjj30ju0jutab.jpg?KID=imgbed,tva&Expires=1728554014&ssig=5kHhElziBV"
5087153839407937,2024-10-08,9,广西,这coser也是惨，磕到这个地步了结果转头被开除粉籍（？），前一秒老师后一秒我们没有任何关系，啊？？,甜夕瓜菜籽,f,湖南 长沙,"https://tvax3.sinaimg.cn/crop.0.0.1080.1080.180/007DRZDHly8haoolgv93yj30u00u0did.jpg?KID=imgbed,tva&Expires=1728554014&ssig=HQrKyQYA5I"
5087153839407937,2024-10-08,7,江苏,能再表演一下吗就是那个心脏病犯了需要人照顾[可怜][可怜][可怜],莫帕瓦艾尼德,m,海外,"https://tvax1.sinaimg.cn/crop.0.0.512.512.180/007Ykp6Cly8hu4pv5o54cj30e80e874w.jpg?KID=imgbed,tva&Expires=1728554014&ssig=XitTTauIth"
5087153839407937,2024-10-08,4,江苏,一些可能会对妹妹造成不好影响的信息已删除～这里放沟通截图[爱你] http://t.cn/A6ElRpG7,莫帕瓦艾尼德,m,海外,"https://tvax1.sinaimg.cn/crop.0.0.512.512.180/007Ykp6Cly8hu4pv5o54cj30e80e874w.jpg?KID=imgbed,tva&Expires=1728554014&ssig=XitTTauIth"
5087153839407937,2024-10-08,21,广东,还是喜欢须蛇解线下在🍊里道歉，结果线上依旧造谣不停那死鸭子嘴硬的的样子，有你们这么厚的脸皮做什么都会成功的,每天都想恰榴莲,f,四川 广安,"https://tvax3.sinaimg.cn/crop.0.0.1080.1080.180/005RonOEly8hn27fs8lsbj30u00u0wgh.jpg?KID=imgbed,tva&Expires=1728554014&ssig=z5boti4IVn"
5087153839407937,2024-10-08,15,美国,这是那个（主动或被动）取关超话的coser吗？没事时是老师，有事就变陌生人，须蛇主页的嘴怕不是谎言之神开过光的[笑cry],糖分走失中心,f,北京 西城区,"https://tvax2.sinaimg.cn/crop.0.0.800.800.180/007a9iYTly8h27fk8hdqsj30m80m8q4b.jpg?KID=imgbed,tva&Expires=1728554014&ssig=crDD1ZdFJU"
5087153839407937,2024-10-08,8,浙江,啊这。把🍊当大戏台唱戏还不够还就地踢人啊[允悲],霹雳奶猫素素酱,f,新疆,"https://tvax2.sinaimg.cn/crop.0.0.1080.1080.180/008sLmuply8hqkekkz5naj30u00u0aa9.jpg?KID=imgbed,tva&Expires=1728554014&ssig=UothQF1qME"
5087153839407937,2024-10-08,11,河南,须蛇主页为了打须右把同担当工具人，须蛇们快反抗啊[可怜][可怜],闪电金毛控,f,河南,"https://tvax1.sinaimg.cn/crop.0.0.1000.1000.180/00633Iqvly8hsns58zfj7j30rs0rsgp6.jpg?KID=imgbed,tva&Expires=1728554014&ssig=RNVBqVOKPf"
5087153839407937,2024-10-08,17,浙江,虚设主页开除人家coser还把coser踢出超话就为了栽赃须右，线下被👮🏻‍♂️按头道歉了线上还在嘴硬,cycloneM31,f,辽宁,"https://tvax2.sinaimg.cn/crop.0.0.960.960.180/005tjHbnly8hrlgxkmsfmj30qo0qo0ux.jpg?KID=imgbed,tva&Expires=1728554014&ssig=9vKUYYb%2Fzu"
5087153839407937,2024-10-08,9,河南,昨天须蛇主页线下道歉完还发公告还倒打一耙呢，再出来表演一下啊[阴险][阴险],闪电金毛控,f,河南,"https://tvax1.sinaimg.cn/crop.0.0.1000.1000.180/00633Iqvly8hsns58zfj7j30rs0rsgp6.jpg?KID=imgbed,tva&Expires=1728554014&ssig=RNVBqVOKPf"
5087153839407937,2024-10-08,6,浙江,可以，这很虚设姐，接下来是不是要开始“臣妾百口莫辩”了[剑网3],野外电子仿生格雷姆林,m,浙江,"https://tvax2.sinaimg.cn/crop.0.0.1080.1080.180/008z5eTjly8hufaufmnfij30u00u03zw.jpg?KID=imgbed,tva&Expires=1728554014&ssig=yIHudbIqAN"
5087153839407937,2024-10-08,4,湖北,虚设主页原来就是谎言头子，月读看了都甘拜下风[疑问],你会早睡的对吧,f,北京,"https://tvax2.sinaimg.cn/crop.0.0.737.737.180/007EmlxBly8hug1gl4u1uj30kh0kh760.jpg?KID=imgbed,tva&Expires=1728554014&ssig=2QWx0DnLDL"
5087153839407937,2024-10-08,9,广西,你们虚设主页真不是人啊……,手提煤气罐,f,其他,"https://tvax1.sinaimg.cn/crop.0.0.330.330.180/008D0xeHly8hsmn1ure7jj30960963yr.jpg?KID=imgbed,tva&Expires=1728554014&ssig=eCRO3hkPoP"
5087153839407937,2024-10-08,8,河南,以这群体无底线的程度来说，有预谋的线上线下倒打一耙自导自演倒贴碰瓷zy估计以后还会有很多很多次[允悲],今天也咕噜咕噜,f,河北,"https://tvax4.sinaimg.cn/crop.0.0.600.600.180/006VjRn0ly8gyhljxfdpwj30go0goabt.jpg?KID=imgbed,tva&Expires=1728554014&ssig=KjG8rZ9QZh"
5079479502504018,2024-09-24,87,广东,名字都不敢说了 去问问教员对于现在风气认同吗,风中凌蓝,m,其他,"https://tvax1.sinaimg.cn/crop.0.0.1023.1023.180/005WDMr2ly8hlc44p0eqzj30sg0sfaff.jpg?KID=imgbed,tva&Expires=1728554017&ssig=Zwnm6riV3e"
5079479502504018,2024-09-18,133,江苏,上一个博主发的是胡志明送苹果,没人比我更懂大金毛,m,江苏 无锡,"https://tva1.sinaimg.cn/crop.0.0.168.168.180/005PHGFAjw8elnq5nhzg3j304o04oglg.jpg?KID=imgbed,tva&Expires=1728554017&ssig=61tC0OeABG"
5079479502504018,2024-10-02,14,江苏,这么豁达，为什么那10年里但凡有一点沾边扣上不敬帽子的都要被批斗被殴打被关押呢？[微笑],金色人生_yuzu,f,北京,"https://tvax4.sinaimg.cn/crop.0.0.220.220.180/6e0804dbly8hppxl0glpej20640643yf.jpg?KID=imgbed,tva&Expires=1728554017&ssig=kf6A%2F2pV%2Fh"
5079479502504018,2024-09-19,14,广东,-个人也吃不了啊,涧清且浅,m,广东,"https://tvax1.sinaimg.cn/default/images/default_avatar_male_180.gif?KID=imgbed,tva&Expires=1728554017&ssig=lYwBlMJhFl"
5079479502504018,2024-10-06,1,山东,上一个是送芒果，佐小将编故事造神是有一手的,大风起_云飞扬兮,m,山东,"https://tvax3.sinaimg.cn/crop.0.0.762.762.180/008v0yByly8hl7i7pdaojj30l60l6ab4.jpg?KID=imgbed,tva&Expires=1728554017&ssig=2moQ4lXYRS"
5079479502504018,2024-09-28,1,北京,放坏了才吃掉……[允悲],侧卫枪骑兵,m,北京 海淀区,"https://tva3.sinaimg.cn/crop.0.0.180.180.180/5383588cjw1e8qgp5bmzyj2050050aa8.jpg?KID=imgbed,tva&Expires=1728554017&ssig=NGrLc%2BxVfx"
5079479502504018,2024-09-21,1,浙江,芒果呢,马司尼亚,m,其他,"https://tvax2.sinaimg.cn/crop.0.0.844.844.180/008wSOUDly8ha3kbf6n5zj30ng0ngwhl.jpg?KID=imgbed,tva&Expires=1728554017&ssig=3UDKEUlWpm"
5079479502504018,2024-09-18,3,北京,太假了，苹果伤口都会很快氧化变黑,金白水清-1985,m,其他,"https://tvax1.sinaimg.cn/default/images/default_avatar_male_180.gif?KID=imgbed,tva&Expires=1728554017&ssig=lYwBlMJhFl"
5079479502504018,2024-10-02,0,江苏,楼主吃一个。,一人川万,m,上海 黄浦区,"https://tvax2.sinaimg.cn/crop.0.0.600.600.180/006kLsaQly8h1xi889sfoj30go0gojto.jpg?KID=imgbed,tva&Expires=1728554017&ssig=EoW5SWX0o9"
5079479502504018,2024-10-09,0,浙江,农村没有一盏电灯，遥遥领先,吴越会稽郡,m,浙江 杭州,"https://tvax1.sinaimg.cn/default/images/default_avatar_male_180.gif?KID=imgbed,tva&Expires=1728554017&ssig=lYwBlMJhFl"
5079479502504018,2024-09-17,153,河南,番邦进贡，帝心仁慈，分赏左右[doge],老周爱喝茶,f,其他,"https://tvax1.sinaimg.cn/crop.0.0.1080.1080.180/006RZ496ly8hrb3pe5rkcj30u00u0q76.jpg?KID=imgbed,tva&Expires=1728554017&ssig=mJHBFka5Tn"
5079479502504018,2024-09-17,7,广东,[笑cry]他们也许现在在维权的路上！退伍军人那群人去看看！//@竹本_笨:几十年之后，咬牙切齿的是另外一群人//@子在洹上乐:24箱苹果换了半个山,沫漓汐_hjy186,m,新疆,"https://tvax4.sinaimg.cn/crop.0.0.100.100.180/007Y3tf2ly8g6otagxwnnj302s02st95.jpg?KID=imgbed,tva&Expires=1728554017&ssig=APpCJPEuEP"
5079479502504018,2024-09-18,3,浙江,下面的人不豁达,印村乔师傅,m,其他,"https://tvax3.sinaimg.cn/crop.0.0.1023.1023.180/008BONEKly8hn3rgx2lpzj30sf0sfdhl.jpg?KID=imgbed,tva&Expires=1728554017&ssig=U5LYJq3zox"
5079479502504018,2024-10-09,1,上海,为什么不敢吃,糊涂僧人浪呀浪,m,其他,"https://tvax4.sinaimg.cn/crop.0.0.1080.1080.180/006RfpiUly8hiu262guaij30u00u00th.jpg?KID=imgbed,tva&Expires=1728554017&ssig=4x4XosB%2FXb"
5079479502504018,2024-10-05,0,江苏,如果是现在那么这个苹果可能会被炒到远超苹果本身的价值,晚夜wayne,m,其他,"https://tvax4.sinaimg.cn/crop.0.0.1080.1080.180/005yEJefly8h1hsx8k7cyj30u00u0406.jpg?KID=imgbed,tva&Expires=1728554017&ssig=zwim1LfXkH"
5079479502504018,2024-09-23,0,上海,应该让人先试吃一下，没事了大家再吃,云轻闲花落,m,上海,"https://tvax2.sinaimg.cn/crop.0.0.1080.1080.180/008Cy8Bzly8hroq9r4xqxj30u00u077s.jpg?KID=imgbed,tva&Expires=1728554017&ssig=eicg2%2BjAkb"
5079479502504018,2024-09-21,0,河北,，，,雨天开车去青海湖,m,河北 邯郸,"https://tvax3.sinaimg.cn/crop.0.0.1080.1080.180/6ce26335ly8hq8kfg3x6aj20u00u0419.jpg?KID=imgbed,tva&Expires=1728554017&ssig=q9zUMmLPGy"
5079479502504018,2024-09-19,0,上海,凡所有相皆为虚妄,顺天道尽人事除妖孽,m,上海,"https://tvax1.sinaimg.cn/crop.27.0.465.465.180/007cTil4ly1ftct8axirvj30ef0cxdh0.jpg?KID=imgbed,tva&Expires=1728554017&ssig=%2FL8ubem0wf"
5079479502504018,2024-09-18,0,广西,//@均波vip:不存在。你记错了吧。越南不产苹果产芒果，反而要向中国进口苹果。朝鲜确实产苹果//@没人比我更懂大金毛:上一个博主发的是胡志明送苹果,21联邦替罪一般兵,f,其他,"https://tvax3.sinaimg.cn/crop.0.0.277.277.180/0083VWaoly8hcnk6z97ixj307p07p0so.jpg?KID=imgbed,tva&Expires=1728554017&ssig=kFySjWwFzo"
5079479502504018,2024-09-18,14,江苏,送芒果也可以发一下,太史公2012,m,江苏 连云港,"https://tva4.sinaimg.cn/crop.0.0.180.180.180/a8de01c9jw1e8qgp5bmzyj2050050aa8.jpg?KID=imgbed,tva&Expires=1728554017&ssig=7Z03yos7Ym"
5087854518599985,2024-10-10,4,江苏,看的出来 壁纸君闺蜜很任性啊[doge][doge][doge],布莱恩欢同学24,m,江苏,"https://tvax1.sinaimg.cn/crop.0.0.512.512.180/64689b93ly8htopvah0zkj20e80e83z0.jpg?KID=imgbed,tva&Expires=1728554020&ssig=BLUNLwghto"
5087854518599985,2024-10-10,2,江苏,富婆[泪],内容评审官,m,河南 开封,"https://tvax1.sinaimg.cn/crop.0.0.798.798.180/0088ySXLly8hjfyt6vj5wj30m60m6dge.jpg?KID=imgbed,tva&Expires=1728554020&ssig=SpjgV2CO%2Bc"
5087854518599985,2024-10-10,2,山东,现在有没有膜推荐啊，我好奇市面上一群人说说遮盖啥的，完全get不到啊,蝙蝠侠的好盆友,m,其他,"https://tvax2.sinaimg.cn/crop.0.0.852.852.180/a6332d15ly8hjje4vwwc2j20no0nowhs.jpg?KID=imgbed,tva&Expires=1728554020&ssig=RKrXzUEk0w"
5087854518599985,2024-10-10,1,山东,等会，关注这么久了你说你是女的？[二哈],ZIHAOR,m,山东,"https://tvax4.sinaimg.cn/crop.0.0.512.512.180/006XI3vHly8g7rtb19ipsj30e80e8q3u.jpg?KID=imgbed,tva&Expires=1728554020&ssig=Iqx%2BJrtrDe"
5087854518599985,2024-10-10,0,北京,盲猜都是LG屏,驴肉货烧199406,m,河北,"https://tvax1.sinaimg.cn/crop.0.0.1080.1080.180/008svKzMly8h13pqirfihj30u00u045c.jpg?KID=imgbed,tva&Expires=1728554020&ssig=49DITeRFYH"
5087854518599985,2024-10-10,0,北京,炫富不是被禁止了吗,哲大大神探001,m,宁夏 银川,"https://tvax2.sinaimg.cn/crop.0.0.768.768.180/006JlNDKly8hdnuz8t6lxj30lc0lctaz.jpg?KID=imgbed,tva&Expires=1728554020&ssig=%2FLmGjZUYyT"
5087854518599985,2024-10-10,0,北京,我很好奇，她最生气那次买的是啥？[允悲],傻人正在多看书,m,北京 丰台区,"https://tvax3.sinaimg.cn/crop.0.0.1080.1080.180/7bac09f9ly8hlxmxfskdxj20u00u078n.jpg?KID=imgbed,tva&Expires=1728554020&ssig=KTDboHIydc"
5087854518599985,2024-10-10,0,辽宁,还是直屏好贴膜,原来是Junior,f,辽宁 丹东,"https://tvax4.sinaimg.cn/crop.0.0.1080.1080.180/939e4c61ly8hnv9w6ml20j20u00u0n0w.jpg?KID=imgbed,tva&Expires=1728554020&ssig=nR53ZgZM3N"
5087854518599985,2024-10-10,0,广东,你闺蜜好任性[doge][doge][doge],Sy_xiaobu,f,广东 惠州,"https://tvax4.sinaimg.cn/crop.0.0.1080.1080.180/92358da0ly8htflx1x11qj20u00u079u.jpg?KID=imgbed,tva&Expires=1728554021&ssig=f60ZE65OPl"
5087854518599985,2024-10-10,0,河北,漂亮[打call],Alone-咖啡,m,河北,"https://tvax3.sinaimg.cn/crop.0.0.1080.1080.180/006Wlah1ly8homuwhq5yzj30u00u07a8.jpg?KID=imgbed,tva&Expires=1728554021&ssig=MzVGh2i3kn"
5087854518599985,2024-10-10,0,河南,厉害了[666],我是一片云0o,m,河南 许昌,"https://tva3.sinaimg.cn/crop.0.0.1080.1080.180/cd109f0cjw8et7fh65ycnj20u00u0wjb.jpg?KID=imgbed,tva&Expires=1728554021&ssig=9yQRJmKuW3"
5087854518599985,2024-10-10,0,山东,这东西也不是很好[doge][doge][doge],数码小金刚,m,山东 青岛,"https://tvax4.sinaimg.cn/crop.0.0.900.900.180/007EAVvoly8hkljn6z7lwj30p00p0n0t.jpg?KID=imgbed,tva&Expires=1728554021&ssig=UaTR%2FX11V7"
5087854518599985,2024-10-10,0,广东,这不得多推两张壁纸给她[doge],不準叫我葫蘆娃,m,广东 广州,"https://tvax3.sinaimg.cn/crop.0.0.932.932.180/6783a383ly8hlgqmp44oyj20pw0pw79p.jpg?KID=imgbed,tva&Expires=1728554021&ssig=YCRTGOF4o1"
5087854518599985,2024-10-10,0,广东,那心情好的时候不得买五台,呱古咕,m,其他,"https://tvax1.sinaimg.cn/crop.0.0.856.856.180/00827EVnly8hnl6rd5nkkj30ns0nsjs4.jpg?KID=imgbed,tva&Expires=1728554021&ssig=AZ1PmyBI7u"
5087854518599985,2024-10-10,0,广东,有钱任性了,8号江旻,m,广东 深圳,"https://tvax3.sinaimg.cn/crop.0.0.480.480.180/79cbc70cly8fel8htvp0fj20dc0dcgs9.jpg?KID=imgbed,tva&Expires=1728554021&ssig=6pJAmI3LXI"
5087854518599985,2024-10-10,0,广东,闺蜜真多 又是炒股又是买手机的,我有一点点想锤你,m,广东,"https://tvax2.sinaimg.cn/crop.0.0.133.133.180/69baccc2ly8h3f9x744p9j203p03pmwy.jpg?KID=imgbed,tva&Expires=1728554021&ssig=u%2BxjomF8nO"
5087854518599985,2024-10-10,0,上海,好熟悉的床单,Gray-吾空,m,上海,"https://tvax4.sinaimg.cn/crop.0.0.1080.1080.180/6d8e47c3ly8hs74aifr0nj20u00u0dj1.jpg?KID=imgbed,tva&Expires=1728554021&ssig=ZnusrBgVBx"
5087854518599985,2024-10-10,0,吉林,如果没钱也任性不起来[允悲],L刘志宾,m,其他,"https://tvax4.sinaimg.cn/crop.0.0.512.512.180/0078VrTOly8hudvp6yxxcj30e80e8wev.jpg?KID=imgbed,tva&Expires=1728554021&ssig=vSfY%2BAH3bM"
5087854518599985,2024-10-10,0,四川,富婆[泪]，这样富姐闺蜜，还有没有[泪]，给我一个,闹哪样sofic,m,四川 成都,"https://tvax1.sinaimg.cn/crop.0.0.511.511.180/007xLxfUly8h4mr816lcqj30e70e7gls.jpg?KID=imgbed,tva&Expires=1728554021&ssig=TVXvGv2xUG"
5087854518599985,2024-10-10,0,北京,3D热弯膜嘛，语录？,All-too-well-13,f,北京,"https://tvax1.sinaimg.cn/crop.0.0.1080.1080.180/0064DL8dly8hcs5pxld4zj30u00u00vf.jpg?KID=imgbed,tva&Expires=1728554021&ssig=0QFYWNvR4m"
5085447130715661,2024-10-04,40,广东,这部剧可以说是我童年的阴影[污],JC_T檀公子,f,其他,"https://tvax3.sinaimg.cn/crop.0.0.1080.1080.180/006WCTxEly8hl1tq21ia9j30u00u0td1.jpg?KID=imgbed,tva&Expires=1728554024&ssig=WIhPKVtaHM"
5085447130715661,2024-10-07,1,黑龙江,这部好看，香港老片子还是不错嘀,我姓陈--Chen,m,其他,"https://tvax1.sinaimg.cn/crop.0.0.1080.1080.180/0084Oro2ly8hnm81idgohj30u00u1mzp.jpg?KID=imgbed,tva&Expires=1728554024&ssig=oDQFCk6ZsD"
5085447130715661,2024-10-07,2,湖北,肯定没闲着[感冒],阿夯00_494,m,其他,"https://tvax4.sinaimg.cn/crop.0.0.664.664.180/a1e5f311ly8hufdxfuc53j20ig0iggmi.jpg?KID=imgbed,tva&Expires=1728554024&ssig=SyL8BdsOzv"
5085447130715661,2024-10-04,1,四川,这类解说毁了原影片，太恶心了。🤮,GL-fadeway,m,四川 成都,"https://tva2.sinaimg.cn/crop.0.0.180.180.180/77048b33jw1e8qgp5bmzyj2050050aa8.jpg?KID=imgbed,tva&Expires=1728554024&ssig=V2vA64oesg"
5085447130715661,2024-10-09,1,四川,童年噩梦,CCTV-柳茂,m,四川,"https://tvax1.sinaimg.cn/crop.0.0.308.308.180/6a9c2c2dly8hgzctbn3a6j208k08k0sz.jpg?KID=imgbed,tva&Expires=1728554024&ssig=DMa1Hy3o6b"
5085447130715661,2024-10-04,2,安徽,[笑cry],赤脚大巴蒂,m,其他,"https://tvax1.sinaimg.cn/crop.0.0.1080.1080.180/00680Lhply8gedclrftjlj30u00u0gnp.jpg?KID=imgbed,tva&Expires=1728554024&ssig=K%2F1C70oCk0"
5085447130715661,2024-10-10,1,广东,[笑cry]这就是传说中的“油炸鬼”,妚準訆豬頭,f,广东 佛山,"https://tva3.sinaimg.cn/crop.0.0.750.750.180/96cc7de6jw8f6veoq23cnj20ku0ku0us.jpg?KID=imgbed,tva&Expires=1728554024&ssig=r%2BhGr04Zll"
5085447130715661,2024-10-09,1,广东,油炸鬼,samsam的小屋,m,广东 广州,"https://tva3.sinaimg.cn/crop.0.0.180.180.180/6b479846jw1e8qgp5bmzyj2050050aa8.jpg?KID=imgbed,tva&Expires=1728554024&ssig=u4uh3O6%2BYy"
5085447130715661,2024-10-08,1,浙江,这腰好厉害,陳小水獸,m,浙江 杭州,"https://tva4.sinaimg.cn/crop.0.0.480.480.180/bfe6cd0bjw8eevnhjksf8j20dc0dcjrq.jpg?KID=imgbed,tva&Expires=1728554024&ssig=U8IzACAHU7"
5085447130715661,2024-10-07,1,黑龙江,回忆起了当年的那一场电影，不，是录像带,那时候的树1988,f,黑龙江 哈尔滨,"https://tva4.sinaimg.cn/crop.0.0.180.180.180/95b138b5jw1e8qgp5bmzyj2050050aa8.jpg?KID=imgbed,tva&Expires=1728554024&ssig=j3DtxMb3Jo"
5085447130715661,2024-10-07,2,湖南,小时候看到这个，那时候想又在想油可以炸鬼，那人是不是可以吃掉它[doge],云天乌云,m,其他,"https://tvax1.sinaimg.cn/crop.0.0.1080.1080.180/008yoU6Kly8hiow1rcomij30u00u00v4.jpg?KID=imgbed,tva&Expires=1728554024&ssig=8XGcQgp3W1"
5085447130715661,2024-10-07,1,山东,小时候就是在一个停电的晚上，在大爷家用发电机看的这个电影，从此蒙头睡觉💤[笑cry],p恢恢,f,山东 济南,"https://tvax4.sinaimg.cn/crop.0.0.664.664.180/cb66f60ely8goe1ohpx53j20ig0igmy7.jpg?KID=imgbed,tva&Expires=1728554024&ssig=SUrTQTRKdf"
5085447130715661,2024-10-07,1,江苏,小时候看过，还带点黄[doge],大V大V你在哪,m,其他,"https://tvax4.sinaimg.cn/crop.0.0.996.996.180/005HNoNsly8gqhyss76fbj30ro0romxh.jpg?KID=imgbed,tva&Expires=1728554024&ssig=cyB%2Bi9aF6t"
5085447130715661,2024-10-06,3,陕西,童年阴影油炸鬼,不止此时此刻,m,其他,"https://tvax2.sinaimg.cn/crop.0.0.512.512.180/7711560bly8hldwoqgi5dj20e80e8wf1.jpg?KID=imgbed,tva&Expires=1728554024&ssig=KyfiEnfZp4"
5085447130715661,2024-10-06,1,宁夏,真的是童年阴影，主角被这个鬼追[苦涩][苦涩][苦涩],冷冻的夏天真的好烦,f,其他,"https://tvax1.sinaimg.cn/crop.0.0.1080.1080.180/008suvMxly8ht6d2g7qnij30u00u075q.jpg?KID=imgbed,tva&Expires=1728554024&ssig=xyh7Lqc33u"
5085447130715661,2024-10-05,1,山东,来啦,善良天鹅画涂鸦,f,山东 济南,"https://tvax1.sinaimg.cn/crop.0.0.1080.1080.180/008AZQS2ly8himnx9bfu0j30u00u0djd.jpg?KID=imgbed,tva&Expires=1728554024&ssig=sNWwP57ZHG"
5085447130715661,2024-10-05,1,天津,[心],思思1998,f,天津 宁河区,"https://tva1.sinaimg.cn/crop.0.0.996.996.180/d29e7584jw8faj08jun56j20ro0rpn24.jpg?KID=imgbed,tva&Expires=1728554024&ssig=0BItu5zGbG"
5087873298599174,2024-10-10,23,美国,把领导开了吧，能省不止三万,Thoroia,m,甘肃 兰州,"https://tvax3.sinaimg.cn/crop.0.0.750.750.180/005Mkwhuly8fx2ykixk2wj30ku0ku0u0.jpg?KID=imgbed,tva&Expires=1728554028&ssig=QM2ZFUL4F9"
5087873298599174,2024-10-10,1,山东,来啦来啦,WZ菌菌,m,山东,"https://tvax1.sinaimg.cn/crop.0.0.794.794.180/008w7R6kly8h9xgq4o0plj30m20m23zm.jpg?KID=imgbed,tva&Expires=1728554028&ssig=xWRrZU2Xjn"
5087873298599174,2024-10-10,0,陕西,末尾的淘汰三个 不打粮食的留着干嘛,流浪的普拉达,f,陕西,"https://tvax3.sinaimg.cn/crop.0.0.1080.1080.180/743a33f2ly8hgajevo6d2j20u00u0dhy.jpg?KID=imgbed,tva&Expires=1728554028&ssig=LWVIggCwL1"
5087662679790118,2024-10-10,37,福建,从对话看，我觉得领导没问题。,zyb--abc,m,其他,"https://tvax2.sinaimg.cn/crop.0.0.960.960.180/3c1a1e4dly8hehk0t39xdj20qo0qoq54.jpg?KID=imgbed,tva&Expires=1728554041&ssig=GfouQCwiap"
5087662679790118,2024-10-09,201,陕西,为什么不拉桌子上[二哈],庸人自扰之你我他,f,广东 深圳,"https://tvax2.sinaimg.cn/crop.0.0.1080.1080.180/0071J4w9ly8hfrsaej5emj30u00u00uf.jpg?KID=imgbed,tva&Expires=1728554041&ssig=divBDi7Cce"
5087662679790118,2024-10-09,21,北京,整顿职场？,草_离离原,m,北京 朝阳区,"https://tvax2.sinaimg.cn/crop.0.0.598.598.180/541366e6ly8hg15eizgn0j20gm0gmaap.jpg?KID=imgbed,tva&Expires=1728554041&ssig=TG7ZUcouXE"
5087662679790118,2024-10-09,15,山西,人才,一线好学生,m,北京,"https://tvax3.sinaimg.cn/crop.0.0.1080.1080.180/007xANwgly8ht0g7gkocrj30u00u040s.jpg?KID=imgbed,tva&Expires=1728554041&ssig=kmaFtvf9O4"
5087662679790118,2024-10-09,19,河南,漂亮,心的方向214,m,河南 郑州,"https://tvax3.sinaimg.cn/crop.0.0.526.526.180/006smdwlly8harbhi2jamj30em0emq3z.jpg?KID=imgbed,tva&Expires=1728554041&ssig=XNMSZnS1eU"
5087662679790118,2024-10-10,15,湖北,拉领导办公室饮水机里,小树和西西弗,m,其他,"https://tvax3.sinaimg.cn/crop.0.0.1080.1080.180/006JN1Ioly8h3u736cu7nj30u00u0jtz.jpg?KID=imgbed,tva&Expires=1728554041&ssig=vw0lKnpnEc"
5087662679790118,2024-10-10,0,陕西,拉到头上才对,财经夏斐斐,m,陕西,"https://tvax2.sinaimg.cn/crop.0.0.996.996.180/007XuMZAly8ggf0qwyptoj30ro0rodgt.jpg?KID=imgbed,tva&Expires=1728554041&ssig=B%2BRjdeqPPd"
5087662679790118,2024-10-10,1,广东,在商场里碰到很多年轻服务员普遍缺少礼貌和服务精神,AvanworldVIP,m,其他,"https://tvax2.sinaimg.cn/crop.0.0.1080.1080.180/006RFXRcly8g8dtnp25zcj30u00u07a8.jpg?KID=imgbed,tva&Expires=1728554041&ssig=zinqPg6bMR"
5087662679790118,2024-10-10,3,四川,如果办公室有个扫地机器人就更好了,游本乐,m,四川 成都,"https://tva3.sinaimg.cn/crop.0.0.640.640.180/70eb0a78jw8edlp9792vfj20hs0hsgmv.jpg?KID=imgbed,tva&Expires=1728554041&ssig=%2Biy%2FoEyjzR"
5087662679790118,2024-10-10,3,北京,应该拉在他的键盘上，椅子上,Jeff369258,m,其他,"https://tvax3.sinaimg.cn/crop.0.0.1080.1080.180/7488ff32ly8gy0mw5a433j20u00u079r.jpg?KID=imgbed,tva&Expires=1728554041&ssig=me7DzUyfEm"
5087662679790118,2024-10-10,3,辽宁,这孩子一辈子都顺风顺水吧？父母一定很宠溺吧，我觉得整顿职场的前提是你有实力有能力，有些人啥也不是确要整顿职场，那不是整顿职场，是整顿自身。,阿罢,m,辽宁,"https://tvax2.sinaimg.cn/crop.0.0.1080.1080.180/7ea32dd1ly8hom60ad8q9j20u00u0tbi.jpg?KID=imgbed,tva&Expires=1728554041&ssig=ATRxRQtP%2FB"
5087662679790118,2024-10-09,6,山东,用人单位应该负责[允悲][允悲][允悲],室内外装修材料,m,北京 东城区,"https://tvax1.sinaimg.cn/crop.0.0.600.600.180/008yoB2ily8hgezibdchlj30go0goabk.jpg?KID=imgbed,tva&Expires=1728554041&ssig=5JZhp3lNjp"
5087662679790118,2024-10-10,1,山东,有监控吧，💩有点贵了[允悲][允悲],时代回声,m,山东,"https://tvax4.sinaimg.cn/crop.0.0.640.640.180/0069YZ3cly8hr0qohf710j30hs0hsjs5.jpg?KID=imgbed,tva&Expires=1728554041&ssig=s0i58tdo4r"
5087662679790118,2024-10-10,1,四川,做得对，做得好。。事先应该大量喝冷饮，吃不干净的食物。。才能达到最强的视觉冲击力 [打call],阿喔啵颇摸坲咦呜吁,m,四川,"https://tva3.sinaimg.cn/crop.16.106.409.409.180/77ded29dgw1e7ag9mlk1tj20ct0gpgpv.jpg?KID=imgbed,tva&Expires=1728554041&ssig=wNatFZsWKy"
5087662679790118,2024-10-10,2,湖北,干得漂亮[衰],Pan贝汐,m,其他,"https://tvax4.sinaimg.cn/crop.0.0.1080.1080.180/006Nrwi7ly8hpzk7qqun8j30u00u077e.jpg?KID=imgbed,tva&Expires=1728554041&ssig=qPqqJnWn4G"
5087662679790118,2024-10-10,2,湖南,人才[笑cry],Biny666,m,广东 深圳,"https://tva3.sinaimg.cn/crop.0.0.100.100.180/00656jPrjw8es5f0bit34j302s02s3yc.jpg?KID=imgbed,tva&Expires=1728554041&ssig=k8Yyu3FnJC"
5087662679790118,2024-10-10,0,江苏,最近和hr开了某位入职一年同事 一样样的调调 并且认为公司开除（实际走的劝退流程 自己交信）无需交接工作了 好说歹说离职前两天东西一撂跑了…还南京某名校985本硕，我还得感谢她没送我一坨[嘻嘻],米米兽的果果茶,m,江苏 南京,"https://tvax4.sinaimg.cn/crop.0.0.512.512.180/7505ec24ly8fpq88b7iphj20e80e8q3f.jpg?KID=imgbed,tva&Expires=1728554041&ssig=%2FWwYhkkjwt"
5087662679790118,2024-10-10,0,福建,神经病,幽兰幽兰-静,f,福建 厦门,"https://tva3.sinaimg.cn/crop.0.0.180.180.180/67fbb17fjw1e8qgp5bmzyj2050050aa8.jpg?KID=imgbed,tva&Expires=1728554041&ssig=XAxLAbKkUt"
5087662679790118,2024-10-10,1,陕西,整上一桶不好吗？现在的年轻人太懒了,汗湿官,m,陕西 西安,"https://tva4.sinaimg.cn/crop.0.0.170.170.180/006q5y59jw8f1voag5u1ij304q04qt8h.jpg?KID=imgbed,tva&Expires=1728554041&ssig=NWZ3KZoXBD"
5087662679790118,2024-10-10,1,广东,哈哈[哈哈],三两枝枝_,f,广东 广州,"https://tvax3.sinaimg.cn/crop.0.0.996.996.180/655680d4ly8fzvhx01v5vj20ro0rotdp.jpg?KID=imgbed,tva&Expires=1728554041&ssig=OSw82YIsa%2F"
5087563549769866,2024-10-09,3,湖南,艾回收卖了1460，9月底来的话可以1600+，我就是懒，在家睡了这么多天。,姜姜姜姜呢,f,湖南 长沙,"https://tvax2.sinaimg.cn/crop.0.0.828.828.180/9ca37217ly8gdj4cyfizwj20n00n0ab7.jpg?KID=imgbed,tva&Expires=1728554045&ssig=g1H85kQIUo"
5087563549769866,2024-10-09,6,湖南,我前几个月也把12卖给xhs上一个回收的了，卖的1500,超级无敌小王8,f,湖南,"https://tvax2.sinaimg.cn/crop.0.0.1080.1080.180/815736f0ly8gzkahp1zx2j20u00u0dh6.jpg?KID=imgbed,tva&Expires=1728554045&ssig=MXRziS2%2B6S"
5087563549769866,2024-10-09,8,上海,等姐通知，我也想卖,西瓜小丸子0827,m,其他,"https://tva4.sinaimg.cn/crop.0.0.180.180.180/c82fe268jw1e8qgp5bmzyj2050050aa8.jpg?KID=imgbed,tva&Expires=1728554045&ssig=2ZsSj0Ti9D"
5087563549769866,2024-10-09,1,河北,12 128g 找了个收手机的卖了1550,-4排7号,f,天津,"https://tvax3.sinaimg.cn/crop.0.0.512.512.180/e96e0f82ly8hkljb1hlkmj20e80e8wfl.jpg?KID=imgbed,tva&Expires=1728554045&ssig=EF02bYG7tn"
5087563549769866,2024-10-09,4,重庆,试试趣评测，全网最高，小程序搜趣评测就行,走开你丑到我了,m,海外,"https://tvax2.sinaimg.cn/crop.0.0.512.512.180/d8314f49ly8hnamnwxp5dj20e80e80t4.jpg?KID=imgbed,tva&Expires=1728554045&ssig=9Bki5Dadd4"
5087563549769866,2024-10-09,1,山东,@沙奔奔 姜姜姐我推荐这家也蛮好，回收几次体验很好！可以比比价,即将成为冷酷杀手,m,北京,"https://tvax2.sinaimg.cn/crop.0.0.512.512.180/0062uTzTly8gvw0autsgrj30e80e8mxq.jpg?KID=imgbed,tva&Expires=1728554045&ssig=UBLKUX498b"
5087563549769866,2024-10-09,1,广东,我11 128 爱回收卖了1564[doge],Lin_oo212,f,其他,"https://tvax2.sinaimg.cn/crop.0.0.512.512.180/0084wMZnly8hu5x0ermo7j30e80e8t93.jpg?KID=imgbed,tva&Expires=1728554045&ssig=t0FPsPQULx"
5087563549769866,2024-10-09,1,山西,没记错的话， 12是不是用了3年呀姜姜姐,保佑我发发发财,f,其他,"https://tvax3.sinaimg.cn/crop.0.0.1080.1080.180/005EVyjEly8hrlizsx9erj30u00u0dkr.jpg?KID=imgbed,tva&Expires=1728554045&ssig=2v1TADsleU"
5087563549769866,2024-10-09,0,广东,姜姜有回收毛绒玩具的渠道不？想把家里的处理掉,保持神秘鱼,f,广东,"https://tvax1.sinaimg.cn/crop.0.0.500.500.180/665951f2ly8gy5fleggdpj20dw0dw0t5.jpg?KID=imgbed,tva&Expires=1728554045&ssig=Ce1i35gdmP"
5087563549769866,2024-10-09,0,江苏,群怎么被解散了？,不叫董小姐的D姑娘,f,江苏 南京,"https://tva3.sinaimg.cn/crop.69.168.369.369.180/6d29f5e9gw1eenda8y7njj20c80h475q.jpg?KID=imgbed,tva&Expires=1728554045&ssig=LB7JDaoqDx"
5087563549769866,2024-10-09,0,重庆,姜姐麻烦看看我[爱你]可不可以申请加入你那个1群呀[抱一抱]想加入你的粉丝群[鼓掌],布求人,m,其他,"https://tvax2.sinaimg.cn/crop.0.0.959.959.180/006NHxZ4ly8hdnvl6dhr9j30qn0qnjs0.jpg?KID=imgbed,tva&Expires=1728554045&ssig=m02rMRjUsi"
5087563549769866,2024-10-09,0,山西,授权店的不划算 我去年在转转卖了个用了一年半的13 2800+,SouNanSeN_,f,山西 太原,"https://tvax1.sinaimg.cn/crop.0.0.974.974.180/005F9Vy8ly8hqzgypi8fkj30r20r276w.jpg?KID=imgbed,tva&Expires=1728554045&ssig=PbDnwJ2VkN"
5087563549769866,2024-10-09,0,江苏,我换过电池的12在手机店以旧换新抵了1400块钱，换了华为,沐雨橙风的momo,f,江苏,"https://tvax1.sinaimg.cn/crop.0.0.1080.1080.180/bf814c9aly8hsizmve3jyj20u00u0ab4.jpg?KID=imgbed,tva&Expires=1728554045&ssig=7qXWVUMy%2Fe"
5087563549769866,2024-10-09,0,罗伯特聪明版,别急，说不定下个月就出新款了，你可以再等等，变成最新款再卖，岂不是更香？开玩笑的，赶紧出手吧，电子产品可是越等越不值钱哦~,评论罗伯特,f,海外,"https://tvax3.sinaimg.cn/crop.0.0.512.512.180/006i0XtAly8htt0v6r8pjj30e80e874t.jpg?KID=imgbed,tva&Expires=1728554045&ssig=HU0HUkGyt%2B"
5087563549769866,2024-10-09,0,湖南,上个月卖的，换过屏（屏是保修期内换的原装）和电池，我觉得现在能卖1600+ http://t.cn/A6EYKLcQ,吃最可爱的糖葫芦,f,湖南 长沙,"https://tvax4.sinaimg.cn/crop.0.0.750.750.180/bf23f13aly8gdipeklxhxj20ku0kuq42.jpg?KID=imgbed,tva&Expires=1728554045&ssig=4HKPZYlQPt"
5087563549769866,2024-10-09,0,广东,我也马上准备卖 等你消息,邹小谊w,f,湖南 长沙,"https://tvax2.sinaimg.cn/crop.0.0.512.512.180/6a6beed9ly8hnxl1ajympj20e80e8dg3.jpg?KID=imgbed,tva&Expires=1728554045&ssig=er8WdO8SKh"
5087563549769866,2024-10-09,0,海南,我年初的时候爱回收上卖12p才2320,十级做梦达人,f,其他,"https://tvax2.sinaimg.cn/crop.0.0.750.750.180/709f67e3ly8fsy52sp7awj20ku0kujtf.jpg?KID=imgbed,tva&Expires=1728554045&ssig=eBDPLufaza"
5087563549769866,2024-10-09,0,广西,什么[苦涩]去年我12月卖的128g的 电池81 才给了我1000块钱,-我每天都很困嘟-,f,广西 南宁,"https://tvax2.sinaimg.cn/crop.0.0.1080.1080.180/c0dedb2ely8hp5s702mc7j20u00u0tdg.jpg?KID=imgbed,tva&Expires=1728554045&ssig=U%2BpaMS68hk"
5087563549769866,2024-10-09,0,广西,我今年6月份苹果12 256G 电池81  2000咸鱼卖掉,八方来财万事如意身体健康16,f,海外,"https://tvax3.sinaimg.cn/crop.0.0.1080.1080.180/006DKAgAly8htjrgwqsijj30u00u0777.jpg?KID=imgbed,tva&Expires=1728554045&ssig=YMtdcppHVC"
5087563549769866,2024-10-09,0,湖北,XS 256  800,哞哞一定超幸运,f,江苏 苏州,"https://tvax2.sinaimg.cn/crop.0.0.1080.1080.180/0086Rtbwly8hqjc1n656hj30u00u0n1s.jpg?KID=imgbed,tva&Expires=1728554045&ssig=q%2FkBuWUfxo"
5087339205104984,2024-10-09,202,广东,那还是第二幅吧，君王掩面救不得。第一幅不象贵妃，象勾栏,云享花开富贵,f,广东 云浮,"https://tvax4.sinaimg.cn/crop.0.0.892.892.180/e9818039ly8huggp4c3xdj20os0osdij.jpg?KID=imgbed,tva&Expires=1728554058&ssig=ERoX32ZoIK"
5087339205104984,2024-10-09,55,安徽,第一张图肯定不是中国人画的。,以史为鉴z,f,其他,"https://tvax1.sinaimg.cn/crop.0.0.512.512.180/0075WKsJly8hpumrlvv7vj30e80e874p.jpg?KID=imgbed,tva&Expires=1728554058&ssig=3Si36hih98"
5087339205104984,2024-10-09,41,广东,单从美观上看怎么都是第二幅，第一幅说是西方欣赏的都勉强，看把杨贵妃yy成什么样了，人体结构什么的都奇怪,甘棠-冉丘,f,广东 广州,"https://tvax1.sinaimg.cn/crop.0.0.1002.1002.180/002VlWICly8gtvf188hvaj60ru0ru3yz02.jpg?KID=imgbed,tva&Expires=1728554058&ssig=rhE7jmYMSZ"
5087339205104984,2024-10-09,23,江苏,第一幅更适合西方国家，第二幅才是中国,解忧白泽君,f,其他,"https://tvax3.sinaimg.cn/crop.0.0.1080.1080.180/785cc7cfly8hnrtf3ymoej20u00u0gnk.jpg?KID=imgbed,tva&Expires=1728554058&ssig=Cducv7xvY1"
5087339205104984,2024-10-09,1,广东,讲的是什么事件,苗不停顿,f,广东 汕头,"https://tvax4.sinaimg.cn/crop.0.329.1080.1080.180/8f4042a5ly8gzikwb6y2dj20u01agjul.jpg?KID=imgbed,tva&Expires=1728554058&ssig=maawvu%2B85P"
5087339205104984,2024-10-09,0,青海,什么呀,胖迪请勇敢的飞我永相随,f,其他,"https://tvax3.sinaimg.cn/crop.0.0.1023.1023.180/008dKSZcly8hq7pv29pjzj30sf0sfgon.jpg?KID=imgbed,tva&Expires=1728554058&ssig=ND%2FIPeDTaq"
5087339205104984,2024-10-08,10,湖北,马嵬坡,江左盟doctor,m,湖南 长沙,"https://tvax3.sinaimg.cn/crop.0.0.1080.1080.180/be7b6c25ly8h4k80dwo1aj20u00u077m.jpg?KID=imgbed,tva&Expires=1728554058&ssig=WFm7tqwlBv"
5087339205104984,2024-10-09,8,上海,第一幅是赐死还是LJ啊？,温室猫,m,上海 浦东新区,"https://tva3.sinaimg.cn/crop.0.0.180.180.180/412224f3jw1e8qgp5bmzyj2050050aa8.jpg?KID=imgbed,tva&Expires=1728554058&ssig=Fc0tj5gqOA"
5087339205104984,2024-10-09,2,北京,画第一幅的作者是不是有其他想法啊,大海叠浪_L,m,北京 海淀区,"https://tvax3.sinaimg.cn/crop.0.0.846.846.180/68677c15ly8hmpcqd1u80j20ni0niq5j.jpg?KID=imgbed,tva&Expires=1728554058&ssig=kbav1I0ZFq"
5087339205104984,2024-10-09,4,山东,第一幅莫名的眨眼睛，第二幅怎么看都舒服[泪],晦涩华年,m,山东 济南,"https://tvax4.sinaimg.cn/crop.172.144.355.355.180/779fed40ly8ff9d2m4ow1j20hs0hs75f.jpg?KID=imgbed,tva&Expires=1728554058&ssig=FAdKbAaeUb"
5087339205104984,2024-10-09,0,福建,第二幅更传神,夜神Ls,m,其他,"https://tvax3.sinaimg.cn/crop.0.0.664.664.180/006Pt7Hcly8gqy9ckkgzrj30ig0igmy8.jpg?KID=imgbed,tva&Expires=1728554058&ssig=iS%2BB0bw5N9"
5087339205104984,2024-10-09,1,河南,第一幅是AI生成吧，很多别扭的地方,死亡骑士猫,m,其他,"https://tvax3.sinaimg.cn/crop.0.0.996.996.180/e942a655ly8gwzlyky240j20ro0ro0u1.jpg?KID=imgbed,tva&Expires=1728554058&ssig=pyddqtS0S%2B"
5087339205104984,2024-10-09,3,上海,[允悲]文化层次分明,海阳真人,m,上海 浦东新区,"https://tva2.sinaimg.cn/crop.0.0.180.180.180/623fc481jw1e8qgp5bmzyj2050050aa8.jpg?KID=imgbed,tva&Expires=1728554058&ssig=xqolIpZSk8"
5087339205104984,2024-10-10,0,江苏,第一幅画我以为画的玉体横陈[吃瓜],苍叔养仓鼠,m,江苏 南京,"https://tva1.sinaimg.cn/crop.0.0.180.180.180/9e13661cjw1e8qgp5bmzyj2050050aa8.jpg?KID=imgbed,tva&Expires=1728554058&ssig=bSEqQ1liQc"
5087339205104984,2024-10-10,0,河北,杨贵妃马嵬坡,浪漫情謌,m,上海,"https://tvax2.sinaimg.cn/crop.0.0.810.810.180/8eca8749ly8h8h6e7h4m0j20mi0miac7.jpg?KID=imgbed,tva&Expires=1728554058&ssig=7RipRn%2Bv8u"
5087339205104984,2024-10-10,0,河南,[赞],牛逼徘徊,m,河南 许昌,"https://tvax1.sinaimg.cn/crop.0.0.512.512.180/b1ab91d5ly8fi24l7ph5wj20e80e8dgi.jpg?KID=imgbed,tva&Expires=1728554058&ssig=0ukUgtmXod"
5087339205104984,2024-10-10,0,福建,第一幅图是素材拼的吧？光影都不统一的，哪里能叫画。,亦否儿,f,其他,"https://tva3.sinaimg.cn/crop.23.27.399.399.180/005usY6Ftw1ee9ae5in03j30gk0cddlg.jpg?KID=imgbed,tva&Expires=1728554058&ssig=R26E4ewN5y"
5087339205104984,2024-10-10,0,广东,第一幅像是被凌辱致死的，不符合实际情况。第二幅还行,淘淘的美丽人生,f,广东 深圳,"https://tva3.sinaimg.cn/crop.0.0.180.180.180/6b43a38cjw1e8qgp5bmzyj2050050aa8.jpg?KID=imgbed,tva&Expires=1728554058&ssig=vWZ1gSL1th"
5087339205104984,2024-10-09,0,陕西,历史无真相,在昔詎慙横海志,m,其他,"https://tvax3.sinaimg.cn/crop.0.0.132.131.180/008eTPjely4gmjqwt7olij303o03n3yb.jpg?KID=imgbed,tva&Expires=1728554058&ssig=EkBvNU9sNO"
5087339205104984,2024-10-09,0,上海,不配上第二幅还真不容易看出来，单看一，还以为集体逛……,九郎判官0506,m,上海,"https://tvax4.sinaimg.cn/crop.0.0.512.512.180/4456c3a3ly8hiq7d7sn18j20e80e8q3m.jpg?KID=imgbed,tva&Expires=1728554058&ssig=fIoAHqcH1P"
5086762707714339,2024-10-07,2,上海,吃饭的嘴[doge],小橘博物馆,f,上海 徐汇区,"https://tvax3.sinaimg.cn/crop.0.0.1080.1080.180/005LFTbRly8hnrt3yd9noj30u00u0q7d.jpg?KID=imgbed,tva&Expires=1728554061&ssig=Ax7wN7tf5v"
5086762707714339,2024-10-08,0,北京,不就是一张嘴过来拿饭吗[笑而不语],4040_notfound,f,其他,"https://tvax3.sinaimg.cn/crop.0.0.700.700.180/007RR2ifly8hpnt62uc1xj30jg0jgjrl.jpg?KID=imgbed,tva&Expires=1728554061&ssig=3PGZZdY2Xq"
5086762707714339,2024-10-10,0,新加坡,[笑而不语],米缸不卖米,f,其他,"https://tvax2.sinaimg.cn/crop.0.0.1080.1080.180/006Svb7cly8hjmxwxvgjdj30u00u0jus.jpg?KID=imgbed,tva&Expires=1728554061&ssig=uPSCPCGYTa"
5086762707714339,2024-10-08,0,广西,有英文的。。。,地名不给取,m,广东 珠海,"https://tvax3.sinaimg.cn/crop.0.0.664.664.180/006EzYNFly8fgziis3cutj30ig0igdh4.jpg?KID=imgbed,tva&Expires=1728554061&ssig=4mIsXmrBfE"
5087518518676113,2024-10-09,3,广东,没有新闻了吗？？？,不要动我的流浪气球,m,广东,"https://tvax1.sinaimg.cn/crop.0.0.960.960.180/008xc2Qlly8hau6hp5sgpj30qo0qo0tz.jpg?KID=imgbed,tva&Expires=1728554065&ssig=KTiLnQYLmg"
5087518518676113,2024-10-09,2,四川,互联网的壁可能根本就不该打开,溪仔说说看,m,四川,"https://tvax1.sinaimg.cn/crop.0.0.500.500.180/008xVu7Nly8hck0jebck2j30dw0dwmys.jpg?KID=imgbed,tva&Expires=1728554065&ssig=2stjAPbymH"
5087518518676113,2024-10-09,0,北京,四方发型肖主任转型跟富婆做珠宝，留下发型之美，求变不忘初心。,helloppy2013,f,北京 海淀区,"https://tvax1.sinaimg.cn/default/images/default_avatar_female_180.gif?KID=imgbed,tva&Expires=1728554065&ssig=uUXHJwDglW"
5086985557902646,2024-10-08,73,贵州,小国寡民,烟飞烟灭,m,贵州 贵阳,"https://tvax2.sinaimg.cn/crop.0.0.1080.1080.180/690985d5ly8g0k7uf3654j20u00u0jti.jpg?KID=imgbed,tva&Expires=1728554068&ssig=2wW3Yi42Lo"
5086985557902646,2024-10-08,7,辽宁,张家界是韩国敬老的飞地,一沐江南,m,其他,"https://tvax4.sinaimg.cn/crop.0.0.996.996.180/0081c32gly8g9h5xwixwaj30ro0ron2g.jpg?KID=imgbed,tva&Expires=1728554068&ssig=NbBn6pqC97"
5086985557902646,2024-10-08,16,辽宁,还有照相爱宣誓[doge],野人花园先森,m,其他,"https://tva4.sinaimg.cn/crop.0.4.1125.1125.180/b87f484djw8f9uwupldcsj20v90vidr4.jpg?KID=imgbed,tva&Expires=1728554068&ssig=2JAL6llBb%2F"
5086985557902646,2024-10-08,0,四川,韩国人咋这么喜欢戴帽子，中国人一般很少戴,无奈的揭谛僧,m,四川 成都,"https://tvax2.sinaimg.cn/crop.0.0.1080.1080.180/007QgH9ply8goxfexmz1qj30u00u0n05.jpg?KID=imgbed,tva&Expires=1728554068&ssig=n4zHCwzsyK"
5086985557902646,2024-10-08,0,陕西,死棒子,朱哥的双下巴,m,陕西 西安,"https://tvax2.sinaimg.cn/crop.0.0.996.996.180/008dcbJSly8gknv4whtepj30ro0rowfl.jpg?KID=imgbed,tva&Expires=1728554068&ssig=k9eSpNKWk7"
5086985557902646,2024-10-08,90,日本,哪那么麻烦，嘴巴叽叽个不停的就是棒子，老远都能听到,大_F,m,海外 其他,"https://tvax3.sinaimg.cn/crop.0.0.600.600.180/6efb0bf2ly8hhlv1svrszj20go0gotbj.jpg?KID=imgbed,tva&Expires=1728554068&ssig=r3napLyTDD"
5086985557902646,2024-10-08,8,广东,张家界一直以来韩国人日本人游客都多  导致景区单独做了韩文日文指示牌,夜郎王公子,m,广东 广州,"https://tvax4.sinaimg.cn/crop.0.0.512.512.180/6af9a98bly8gdjapo0udrj20e80e8jrj.jpg?KID=imgbed,tva&Expires=1728554068&ssig=6YI579p%2BKO"
5086985557902646,2024-10-08,32,黑龙江,嗯  偷偷摸摸的那种气质   真是学不来,蘭舟公子,m,黑龙江,"https://tvax4.sinaimg.cn/crop.0.0.1080.1080.180/008vn4Mvly8htt6bm5p9dj30u00u0mym.jpg?KID=imgbed,tva&Expires=1728554068&ssig=c1c7TERdqV"
5086985557902646,2024-10-08,6,广东,是的，国庆去张家界，超级多韩国人,王家科比楠楠,f,广东 深圳,"https://tvax3.sinaimg.cn/crop.0.0.1080.1080.180/781c01fdly8ho1bo40lo4j20u00u0n0y.jpg?KID=imgbed,tva&Expires=1728554068&ssig=jtAXP5RDVK"
5086985557902646,2024-10-08,16,四川,闹闹哄哄，人面兽语的就是棒子,杰克马玩儿企鹅,m,四川,"https://tvax1.sinaimg.cn/crop.0.0.828.828.180/006LawDvly8gmbpvz3b01j30n00n0acv.jpg?KID=imgbed,tva&Expires=1728554068&ssig=sZv5G7EQDm"
5086985557902646,2024-10-08,7,山东,他们很爱插队,孙米米Mia,f,山东 济南,"https://tvax3.sinaimg.cn/crop.0.0.996.996.180/72d7eb80ly8gxo1jv8vdpj20ro0rogmr.jpg?KID=imgbed,tva&Expires=1728554068&ssig=A79MN9LHML"
5086985557902646,2024-10-09,3,浙江,不用这么麻烦，最吵的就是韩国人，我在张家界读的大学，每次去景点都能碰上。     平时散在景区里还好，我有一次上厕所遇上了，我的天呐，走出洗手间好远耳朵边还是嗡嗡声。,张先生与吴先生,f,浙江,"https://tvax4.sinaimg.cn/crop.0.0.1080.1080.180/bcd30d29ly8gdi6h9y4e3j20u00u00z2.jpg?KID=imgbed,tva&Expires=1728554068&ssig=y%2BAbzFoCq6"
5086985557902646,2024-10-09,0,河北,棒子垂涎这个地方久已,风吹动秋的天空,m,北京 东城区,"https://tva2.sinaimg.cn/crop.0.0.180.180.180/7e61a761jw1e8qgp5bmzyj2050050aa8.jpg?KID=imgbed,tva&Expires=1728554068&ssig=SC4oRkAtBL"
5086985557902646,2024-10-09,2,江苏,不过吧这样直接拍照好像也不太好[允悲]如果不文明了拍下来也行，如果只是来玩的被拍…,积极乐观宽心的小傅蝶,f,黑龙江,"https://tvax4.sinaimg.cn/crop.0.0.996.996.180/9edf27f5ly8gber9psnuoj20ro0roq52.jpg?KID=imgbed,tva&Expires=1728554068&ssig=Zx0L61JcQ%2F"
5086985557902646,2024-10-09,0,海南,脸型是平面图形的，基本都是棒子,Tmasen11,m,其他,"https://tvax3.sinaimg.cn/crop.0.119.720.720.180/7eff838fly8hrjydvebi0j20k00qndh1.jpg?KID=imgbed,tva&Expires=1728554068&ssig=chhQ6NRmNA"
5086985557902646,2024-10-10,0,浙江,完了，天门山又是他们的了[偷笑],陳知萩,m,浙江,"https://tvax4.sinaimg.cn/crop.0.0.996.996.180/a35fd023ly8fhsd4k39vfj20ro0ro0vx.jpg?KID=imgbed,tva&Expires=1728554068&ssig=UNZYwkBHFf"
5086985557902646,2024-10-09,3,广东,一群单眼皮小眼睛应该很好认,帕帕诺坦,f,其他,"https://tvax4.sinaimg.cn/crop.0.0.1080.1080.180/008tfwqaly8hont01f8kpj30u00u0dhh.jpg?KID=imgbed,tva&Expires=1728554068&ssig=1YazZePQ19"
5086985557902646,2024-10-07,0,北京,欢迎参与微博官方旅行活动，旅行内容添加#微博旅行家#话题词，有机会获得曝光资源、红包惊喜及出行机会！了解更多戳>> http://t.cn/A6HVQi2d,微博旅行家,m,北京,"https://tvax4.sinaimg.cn/crop.0.0.600.600.180/006zvUqYly8hp10nqjiq6j30go0go0ue.jpg?KID=imgbed,tva&Expires=1728554068&ssig=w2kgGCnuGH"
5086985557902646,2024-10-09,2,广东,真的没人知道韩国人认为自己的祖宗诞生于张家界才来的吗？,呼啦呼啦啦yy,f,广东,"https://tvax3.sinaimg.cn/crop.0.0.440.440.180/ee0f0e9cly8hnkvjylf7gj20c80c80sy.jpg?KID=imgbed,tva&Expires=1728554068&ssig=KQX4RLmZWF"
5086985557902646,2024-10-09,1,天津,有韩方投资 在韩国宣传力度很大 说什么不带父母来就是不孝顺[允悲],万里长风l,m,海外,"https://tvax3.sinaimg.cn/crop.0.0.828.828.180/006mJ04Fly8gnjqzbyeemj30n00n0dha.jpg?KID=imgbed,tva&Expires=1728554068&ssig=PmL2UzMXe%2B"
5087637658402976,2024-10-09,0,广西,14换16能拿ctol的线对插吗[努力],ercdeknm,m,广西,"https://tvax3.sinaimg.cn/crop.0.0.1080.1080.180/a95faa5dly8gl1totlf2wj20u00u0di1.jpg?KID=imgbed,tva&Expires=1728554072&ssig=gLt0xASJ3V"
5087637658402976,2024-10-10,0,江苏,我前天用10g线直插15p和16p换机，传输前准备阶段和计时最后十几分钟确实体感快一点，整体时长体感不明显[允悲],exiaoo,m,江苏 苏州,"https://tvax3.sinaimg.cn/crop.0.0.828.828.180/678a4f22ly8gdvlab8fpcj20n00n0q3y.jpg?KID=imgbed,tva&Expires=1728554072&ssig=qZ2I4gWPw3"
5087637658402976,2024-10-10,1,浙江,我icloud数据恢复不了苹果高级顾问说我的备份数据是空壳显示300多g的备份数据实际是0[泪]，说下次让我用电脑备份,冯短腿,m,浙江 杭州,"https://tva1.sinaimg.cn/crop.0.0.511.511.180/497ae97ejw8eytdxv8psnj20e70e8jrn.jpg?KID=imgbed,tva&Expires=1728554072&ssig=4%2B7z0TY%2Bmg"
5087637658402976,2024-10-09,0,日本,用无线 睡一觉起来好了,欲贱我是否开心,m,浙江,"https://tvax2.sinaimg.cn/crop.0.0.1125.1125.180/92c6664bly8fun9akxwoej20v90v9wev.jpg?KID=imgbed,tva&Expires=1728554072&ssig=Mf%2FVCA7elC"
5087312977330657,2024-10-08,3,德国,工资也高啊,用户6101207342,m,其他,"https://tvax1.sinaimg.cn/crop.0.0.1080.1080.180/006EU2K2ly8gefzzr9z0xj30u00u0mzb.jpg?KID=imgbed,tva&Expires=1728554075&ssig=dg05Oxl6i4"
5087312977330657,2024-10-08,11,江苏,人家写的是六块[允悲]主要看你喝哪里的豆浆，芭比馒头的豆浆也就两三块，新鲜现磨那就两回事了[允悲][允悲],蝙蝠飞飞0425,m,其他,"https://tvax4.sinaimg.cn/crop.0.0.132.132.180/008u85I5ly4h4ciof1he6j303o03o744.jpg?KID=imgbed,tva&Expires=1728554075&ssig=P07Do6g6bR"
5087312977330657,2024-10-08,1,上海,看你在哪儿买了,用户7917558702,m,其他,"https://tvax1.sinaimg.cn/default/images/default_avatar_male_180.gif?KID=imgbed,tva&Expires=1728554075&ssig=FfuKQnpi0i"
5087312977330657,2024-10-08,0,上海,看你在哪里买啊。这种弱智回复不会真有人信吧,my_chris007,f,上海 虹口区,"https://tvax4.sinaimg.cn/crop.426.6.1066.1066.180/89cb68e3ly8fpdyfovgb0j21hc0u0tio.jpg?KID=imgbed,tva&Expires=1728554075&ssig=3dmQycw9AV"
5086169661178684,2024-10-06,114,江苏,啊？其实他加进去粉末的时候，我以为要做的得是💣。。。。,-595-goilny-,f,北京,"https://tvax2.sinaimg.cn/crop.0.0.928.928.180/81849547ly8hmw5ewaei9j20ps0ps788.jpg?KID=imgbed,tva&Expires=1728554079&ssig=C2UrhZ6A5E"
5086169661178684,2024-10-06,48,广东,刀片的意义在哪？,云寒若燚,m,其他,"https://tvax4.sinaimg.cn/crop.0.0.1006.1006.180/006tZJr6ly8gdipe4mh89j30ry0ry0up.jpg?KID=imgbed,tva&Expires=1728554079&ssig=tJqcba8IXC"
5086169661178684,2024-10-06,29,天津,哈哈哈哈我觉得是剪辑的，钢壳分离就很诡异了，花纹也不均匀不好看的，卖五位数给冤大头吗,Beaumont只是我,m,天津,"https://tvax1.sinaimg.cn/crop.0.0.750.750.180/7026cb37ly8hra4ftppg3j20ku0kuwfw.jpg?KID=imgbed,tva&Expires=1728554079&ssig=%2BVfGrOGN8%2F"
5086169661178684,2024-10-06,11,广东,这成本是重还不重？[偷樂],D-Orange,f,广东,"https://tva1.sinaimg.cn/crop.0.0.180.180.180/a761736ejw1e8qgp5bmzyj2050050aa8.jpg?KID=imgbed,tva&Expires=1728554079&ssig=sLCbWva47j"
5086169661178684,2024-10-06,15,陕西,文盲，锻打出来的不是杂质，是氧化皮,那大夫怎么说,m,陕西 西安,"https://tvax4.sinaimg.cn/crop.0.0.819.819.180/8d21308fly8hbtyenvafij20ms0mr75c.jpg?KID=imgbed,tva&Expires=1728554079&ssig=tKdzx%2BOm6t"
5086169661178684,2024-10-06,5,广东,刃口有缺，看来硬度不高,力口一一,m,广东 深圳,"https://tvax3.sinaimg.cn/crop.0.0.400.400.180/8174dd81ly8fx519gmedmj20b40b40wx.jpg?KID=imgbed,tva&Expires=1728554079&ssig=FTJi5KZUZv"
5086169661178684,2024-10-07,9,广东,一顿操作猛如虎，不如淘宝250！,戴着面具打怪兽打不赢就跑,m,广东 深圳,"https://tvax1.sinaimg.cn/crop.0.0.512.512.180/63db58a4ly8hlwjh72l8gj20e80e83z3.jpg?KID=imgbed,tva&Expires=1728554079&ssig=7HH4ygj1Ji"
5086169661178684,2024-10-09,2,黑龙江,不如锻刀大赛,剑啸易水冷,m,黑龙江 哈尔滨,"https://tvax3.sinaimg.cn/crop.0.0.1024.1024.180/d7003d0ely8hbft33xo44j20sg0sg77q.jpg?KID=imgbed,tva&Expires=1728554079&ssig=8k5psBsEN1"
5086169661178684,2024-10-07,1,吉林,铁罐大马是你这样整的么[疑问],毛兄今天开心吗,m,吉林 长春,"https://tvax1.sinaimg.cn/crop.0.0.600.600.180/005NpZObly8gvw6aexg7kj30go0goabt.jpg?KID=imgbed,tva&Expires=1728554079&ssig=eeCQ4JpM2n"
5086169661178684,2024-10-07,1,广西,浪费流量,谢谢chen我已经想起我是谁,m,其他,"https://tvax4.sinaimg.cn/crop.0.0.1080.1080.180/006Mpqf4ly8fxesf5rj2mj30u00u078b.jpg?KID=imgbed,tva&Expires=1728554079&ssig=WIOcCUf7br"
5086169661178684,2024-10-06,1,江苏,拿潜艇的耐压外壳打刀。,自新世纪福音,m,其他,"https://tvax4.sinaimg.cn/crop.0.0.1002.1002.180/006Njhj8ly8g5vffhxvotj30ru0ruabw.jpg?KID=imgbed,tva&Expires=1728554079&ssig=%2BYAhFOCxTA"
5086169661178684,2024-10-09,0,江苏,上链接[doge],Mr董先生啊,m,浙江 舟山,"https://tvax3.sinaimg.cn/crop.0.0.1002.1002.180/006mnKECly8gjss1a4powj30ru0ruacm.jpg?KID=imgbed,tva&Expires=1728554079&ssig=sYakRaoUXY"
5086169661178684,2024-10-08,0,美国,亚马孙😆,大小搅神_,m,海外 美国,"https://tvax4.sinaimg.cn/crop.0.0.741.741.180/e4137071ly8hffw5k1iy0j20kl0kl75l.jpg?KID=imgbed,tva&Expires=1728554079&ssig=5OYqqY04JX"
5086169661178684,2024-10-07,0,辽宁,这不是基本操作么 铁皮盒子里还可以放涂改液 [二哈],潜行吧-灌水子w,m,海外 日本,"https://tvax4.sinaimg.cn/crop.0.0.240.240.180/9351f32fly8hj2t4dgravj206o06odft.jpg?KID=imgbed,tva&Expires=1728554079&ssig=Xnbs1iGQYL"
5086169661178684,2024-10-06,1,北京,成品不怎么好看,我茬東北玩泥妑,m,北京 朝阳区,"https://tva4.sinaimg.cn/crop.0.0.180.180.180/720dea5fjw1e8qgp5bmzyj2050050aa8.jpg?KID=imgbed,tva&Expires=1728554079&ssig=OehSazNfrU"
5086169661178684,2024-10-08,1,江苏,就挺难评的，反正只要是金属的，那盒子里加什么都行，然后烧红以后机器冲压，机器切割，机器打磨，这就是被人吹上天的大马士革刀？真的是一点技术含量都没有,努力上岸的鹅,m,江苏 南京,"https://tvax2.sinaimg.cn/crop.0.0.1080.1080.180/008G9rZ4ly8hu3fxabn6yj30u00u0dm3.jpg?KID=imgbed,tva&Expires=1728554079&ssig=QCPc4DJYZQ"
5086169661178684,2024-10-10,0,陕西,想起了我隗姐，买了一把刀好像就是什么大马革刀，就那样提着刀就淦方治了[淡淡的],迪迪迪迪丽的喵,f,陕西 西安,"https://tvax3.sinaimg.cn/crop.0.0.1080.1080.180/006yMOKbly8htm6gq74h1j30u00u0af8.jpg?KID=imgbed,tva&Expires=1728554079&ssig=3jWhdqd0at"
5086169661178684,2024-10-08,2,黑龙江,三战必赢，因为国外two   b格外多[doge],用户7914601762,m,其他,"https://tvax3.sinaimg.cn/crop.0.0.132.132.180/008DCRt8ly4hojutuu4blj303o03odfm.jpg?KID=imgbed,tva&Expires=1728554079&ssig=2hWGyA2EoB"
5086169661178684,2024-10-08,0,云南,一百美刀差不多了,我们爱世界,f,云南 昆明,"https://tva3.sinaimg.cn/crop.0.0.180.180.180/4ff69c45jw1e8qgp5bmzyj2050050aa8.jpg?KID=imgbed,tva&Expires=1728554079&ssig=NyxEfp8634"
5087236175692874,2024-10-09,17,江苏,我朋友杭州的，十一还去日本了，应该可以吧,HKTK一路相随,f,安徽,"https://tvax4.sinaimg.cn/crop.0.0.996.996.180/b10365cdly8g5thbzjbotj20ro0ro75v.jpg?KID=imgbed,tva&Expires=1728554082&ssig=GDlE6HXAz7"
5087236175692874,2024-10-08,1,河南,这么严吗[允悲]我们这边普通单位提前申请大概率就行,可爱收集器-,f,河南,"https://tvax1.sinaimg.cn/crop.0.0.1080.1080.180/008vWPnVly8hkf90nktffj30u00u042m.jpg?KID=imgbed,tva&Expires=1728554082&ssig=ePNMZAEz5v"
5087236175692874,2024-10-08,0,福建,我们连出市都要审批还出国[doge],俊逸香槟,f,其他,"https://tvax3.sinaimg.cn/crop.0.0.1080.1080.180/008tXJXtly8hpdqg1135yj30u00u00uf.jpg?KID=imgbed,tva&Expires=1728554082&ssig=7KmXmBwOkg"
5087236175692874,2024-10-08,24,重庆,怕间谍啊，你们不知道而已。,黄色小马车,m,云南,"https://tvax1.sinaimg.cn/crop.0.0.640.640.180/b1854b02ly8fnfsgete7tj20hs0hsjs5.jpg?KID=imgbed,tva&Expires=1728554082&ssig=i6lHZhc1SA"
5087236175692874,2024-10-08,2,广东,港澳可能可以,-VANESSA-07,f,其他,"https://tvax4.sinaimg.cn/crop.0.0.812.812.180/006yQVn9ly8htfbhon7a1j30mk0mkdhk.jpg?KID=imgbed,tva&Expires=1728554082&ssig=JGU4P%2F9DNa"
5087236175692874,2024-10-09,27,内蒙古,你可以离开体制啊，进体制的时候不知道不能出境吗？,今天我帅气依旧,m,内蒙古 乌海,"https://tvax2.sinaimg.cn/crop.0.0.1080.1080.180/008zkaOhly8hmvpaph36tj30u00u00vj.jpg?KID=imgbed,tva&Expires=1728554082&ssig=pPb6TTwok%2F"
5087236175692874,2024-10-09,13,山西,体制内哪来的hr,zjh小风,m,湖北,"https://tva1.sinaimg.cn/crop.0.0.996.996.180/a69243bdjw8f6ucl0mj4cj20ro0ro0u8.jpg?KID=imgbed,tva&Expires=1728554082&ssig=Bg5ZJXkyWu"
5087236175692874,2024-10-09,3,安徽,那可以假装探亲吗 难道还要啥证据[淡淡的],括号我真的没在敷衍,f,其他,"https://tvax4.sinaimg.cn/crop.0.0.667.667.180/006iKcoxly8gihdw454gyj30ij0ijq5f.jpg?KID=imgbed,tva&Expires=1728554082&ssig=jprqZ2g8v0"
5087236175692874,2024-10-09,0,湖南,@inmoon- [融化],ghimkvdvhv_,f,其他,"https://tvax2.sinaimg.cn/crop.0.0.1080.1080.180/0084ifLmly8hqrosemktlj30u00u0jsy.jpg?KID=imgbed,tva&Expires=1728554082&ssig=NEQmpanrO9"
5087236175692874,2024-10-08,2,广东,港澳都不行？[衰],爱玉冻里没玉子,f,广东 汕头,"https://tvax4.sinaimg.cn/crop.0.0.1080.1080.180/ec6264e4ly8hpndafi6u4j20u00u0t9n.jpg?KID=imgbed,tva&Expires=1728554082&ssig=kpwwku%2BYTw"
5087236175692874,2024-10-08,0,云南,牛,一盆花椰菜,m,吉林 长春,"https://tvax3.sinaimg.cn/crop.0.0.750.750.180/0065zzAely8fzb2qsbj0lj30ku0kumxx.jpg?KID=imgbed,tva&Expires=1728554082&ssig=ulbRy7n6Ov"
5087236175692874,2024-10-08,1,广东,连港澳都不能去吗？,嘆煙席环游飓风,f,其他,"https://tvax3.sinaimg.cn/crop.0.0.1080.1080.180/006Oqc2nly8hufmb2abe4j30u00u00va.jpg?KID=imgbed,tva&Expires=1728554082&ssig=6LahDYTD66"
5087236175692874,2024-10-10,2,广西,懒得帮你走程序罢了 一般人员哪这么严,Deskness,m,其他,"https://tvax4.sinaimg.cn/crop.0.0.996.996.180/8e4e9e18ly8gh8b3hwg1cj20ro0roafp.jpg?KID=imgbed,tva&Expires=1728554082&ssig=oGeN%2FoAO86"
5087236175692874,2024-10-08,2,广西,认识一个朋友也是公务员，她就在国庆放假前接到通知放假期间不能离开本地，自嘲算省了,肥橘阿,f,其他,"https://tvax2.sinaimg.cn/crop.0.0.1002.1002.180/7eb15f13ly8gcidtcpztmj20ru0ruwga.jpg?KID=imgbed,tva&Expires=1728554082&ssig=uRUB1Dh%2Bxe"
5087236175692874,2024-10-10,0,安徽,不会吧，我们这边去年好几个人轮流出去玩，近的去了港澳，远一点的去了芽庄……感觉报备了就没有关系啊[二哈][二哈][二哈],You属于Yourselves,f,海外 其他,"https://tvax4.sinaimg.cn/crop.0.0.996.996.180/c9234a84ly8ggq8dfldd6j20ro0ro75l.jpg?KID=imgbed,tva&Expires=1728554082&ssig=jq%2FjGNACzU"
5087236175692874,2024-10-09,0,天津,天津也是[泪],卡卡睡着了叭,f,其他,"https://tvax1.sinaimg.cn/crop.0.0.512.512.180/899beda1ly8hll9nib0r5j20e80e8gma.jpg?KID=imgbed,tva&Expires=1728554082&ssig=6wsxiT%2BF98"
5087236175692874,2024-10-09,0,湖北,对啊,流经存在的邂逅-c,f,湖北,"https://tvax1.sinaimg.cn/crop.0.0.1080.1080.180/006r2p2Kly8hi2uxgxxy6j30u00u0gs2.jpg?KID=imgbed,tva&Expires=1728554082&ssig=%2BWR%2FEBHYmq"
5087236175692874,2024-10-09,0,北京,非涉密人员可以的，但是要报批，出国流程比较麻烦！今年我们隔壁处的同事就有带孩子出国玩儿的，我们平时出京都要报备，不过小喽啰的话只要在内地，就走流程报下信息就行。,记吃不记月半,f,其他,"https://tvax2.sinaimg.cn/crop.0.0.1002.1002.180/006cgOOAly8gdi6joaljlj30ru0ru78o.jpg?KID=imgbed,tva&Expires=1728554082&ssig=EzWj11sfP6"
5087236175692874,2024-10-09,0,广东,上面的人究竟在怕什么,pleasetellmey,f,云南 昆明,"https://tvax4.sinaimg.cn/crop.0.0.1080.1080.180/008aBhxKly8huehgpcoidj30u00u1wfs.jpg?KID=imgbed,tva&Expires=1728554082&ssig=1eFetafxUK"
5087236175692874,2024-10-09,0,广东,老广真的服了,睡到自然醒的KA,f,广东 江门,"https://tvax1.sinaimg.cn/crop.0.0.888.888.180/770fd580ly8ft55w86w7fj20oo0ooadk.jpg?KID=imgbed,tva&Expires=1728554082&ssig=%2FDdnm0%2FEIi"
5087253801992909,2024-10-08,61,广东,我咋感觉他家艺人好几个鼻子不是很好看，这个美女也有点点,Eden_loves_Roseanne,f,香港,"https://tvax2.sinaimg.cn/crop.0.0.512.512.180/005QSxR4ly8ht8h96dm8wj30e80e83zd.jpg?KID=imgbed,tva&Expires=1728554096&ssig=463uB%2BKR34"
5087253801992909,2024-10-08,27,湖北,我刚刚看到了有人说她有瓜，不知道真假,没名字的钮钴禄,f,广东 深圳,"https://tvax2.sinaimg.cn/crop.0.0.822.822.180/0060CXYOly8htosezfe0tj30mu0mu400.jpg?KID=imgbed,tva&Expires=1728554096&ssig=epj%2FFLa3p4"
5087253801992909,2024-10-08,34,中国台湾,沒啥特色 記不起來的長相,芝芝抹茶奶酪,f,台湾,"https://tvax3.sinaimg.cn/crop.0.0.1080.1080.180/b4b564d9ly8hqji1qgn3vj20u00u076t.jpg?KID=imgbed,tva&Expires=1728554096&ssig=cEjfJNW8ci"
5087253801992909,2024-10-08,12,上海,韩雪章若楠吴倩结合的感觉,Noonelovesyou_,f,海外,"https://tvax4.sinaimg.cn/crop.0.0.1080.1080.180/7fe22b4bly8htv9gxzw8vj20u00u0whb.jpg?KID=imgbed,tva&Expires=1728554096&ssig=rQqlE1BXCL"
5087253801992909,2024-10-08,1,浙江,好t是啥意思,苓泠000,f,其他,"https://tvax2.sinaimg.cn/crop.0.0.132.132.180/008rsyDvly4gyalj9210yj303o03ot8l.jpg?KID=imgbed,tva&Expires=1728554096&ssig=Ljp%2BlKwDtQ"
5087253801992909,2024-10-10,1,甘肃,匎昨日之愁尽散明朝又是新篇,ydyl999,m,其他,"https://tva2.sinaimg.cn/crop.0.0.180.180.180/cf6a5a06jw1e8qgp5bmzyj2050050aa8.jpg?KID=imgbed,tva&Expires=1728554096&ssig=BuO2%2BwnaAP"
5087253801992909,2024-10-09,1,湖南,司静竹躺着看挺好*,低调49073,m,其他,"https://tva3.sinaimg.cn/crop.0.0.640.640.180/df543266jw8eqj39cic0lj20hs0hs74z.jpg?KID=imgbed,tva&Expires=1728554096&ssig=mIZA85t%2FBf"
5087253801992909,2024-10-08,0,广东,挺清纯的,忘了青春误了青春,f,广东,"https://tvax2.sinaimg.cn/crop.0.0.1028.1028.180/006omqs8ly8hdye2tjz9lj30sk0skadt.jpg?KID=imgbed,tva&Expires=1728554096&ssig=9PTpchUPVP"
5087253801992909,2024-10-08,2,陕西,挺好看的,博肖星辰录_希望被张凌赫翻牌版,f,其他,"https://tvax4.sinaimg.cn/crop.0.0.1080.1080.180/007KTD1Mly8huasqu25doj30u00u0tcf.jpg?KID=imgbed,tva&Expires=1728554096&ssig=9evfT53Mjt"
5087253801992909,2024-10-08,0,福建,还挺好看,妮妮不是倪倪呀,f,北京,"https://tvax4.sinaimg.cn/crop.0.0.1080.1080.180/007OhNkVly8huf4bf80lnj30u00u1gq3.jpg?KID=imgbed,tva&Expires=1728554096&ssig=lYSgJRx3cJ"
5087253801992909,2024-10-09,1,河南,有点像苗苗,橘猪快递员,f,其他,"https://tvax1.sinaimg.cn/crop.0.0.953.953.180/006CVkmaly8gzz723s6uej30qh0qhdja.jpg?KID=imgbed,tva&Expires=1728554096&ssig=eaAx7UJzFZ"
5087253801992909,2024-10-09,0,陕西,我觉得生图还行吧,是何惟芳的甩甩,f,陕西 西安,"https://tvax1.sinaimg.cn/crop.0.0.720.720.180/006aCiLAly8hu5b5qre0zj30k00k0dhb.jpg?KID=imgbed,tva&Expires=1728554096&ssig=40pqWxnoEx"
5087253801992909,2024-10-08,0,湖北,这个角度看有点像爱情公寓的诺澜，但诺澜五官更精致一些,走路带辣,f,其他,"https://tvax2.sinaimg.cn/crop.0.0.1080.1080.180/008CbGlAly8hl8in7cpesj30u00u0djp.jpg?KID=imgbed,tva&Expires=1728554096&ssig=QnXwPS2uHK"
5087253801992909,2024-10-09,1,黑龙江,比于正那个官宣图好看有辨识度。,彭家大姑娘,f,黑龙江,"https://tvax1.sinaimg.cn/crop.0.0.974.974.180/006fR8gSly8hted4a0oboj30r20r2dhe.jpg?KID=imgbed,tva&Expires=1728554096&ssig=ZHXaNsBclu"
5087253801992909,2024-10-09,5,浙江,普通人里是美女 ylq里不够看 之前觉得古装的核桃怎么那么好看 后来………,芝士可颂22,f,浙江 杭州,"https://tvax1.sinaimg.cn/crop.0.0.1039.1039.180/681444b6ly8ht6vdh7ffbj20sv0svmy0.jpg?KID=imgbed,tva&Expires=1728554096&ssig=GEkhMw79iA"
5087253801992909,2024-10-10,0,辽宁,网络上普普通通，现实中人人夸赞。[笑cry],更深-的蓝,m,其他,"https://tvax2.sinaimg.cn/crop.0.0.1080.1080.180/3f13a5f2ly8gg3e8kyew5j20u00u040e.jpg?KID=imgbed,tva&Expires=1728554096&ssig=BD8adW5NxA"
5087253801992909,2024-10-09,0,江西,普通人里是超级好看的人。但是当女明星的话，脸好像没啥记忆点[允悲],韦小萌是一朵小奇葩,m,江西 赣州,"https://tvax3.sinaimg.cn/crop.0.0.1080.1080.180/8270b2fdly8htv6jfn2eej20u00u0mzz.jpg?KID=imgbed,tva&Expires=1728554096&ssig=n4SAgdRoLB"
5087253801992909,2024-10-09,0,江苏,已经塌了,凭海凌风16,f,海外,"https://tvax1.sinaimg.cn/crop.0.0.1080.1080.180/ec702d21ly8gdic3d7g3qj20u00u0wfk.jpg?KID=imgbed,tva&Expires=1728554096&ssig=F9tukawdWE"
5087253801992909,2024-10-08,0,浙江,刚看到有个正脸视频感觉像徐璐，但是五官没徐璐好,反直觉雪兔子,f,浙江,"https://tvax3.sinaimg.cn/crop.0.0.960.960.180/0082Rc0Aly8gz8ubi9axmj30qo0qo0vw.jpg?KID=imgbed,tva&Expires=1728554096&ssig=SQrPBd9Sub"
5087668291507422,2024-10-09,43,江西,度：http://t.cn/A6ETURiF,小城堡呀,f,其他,"https://tvax2.sinaimg.cn/crop.0.0.996.996.180/0079e6Zuly8fxzd1l5fezj30ro0rogn4.jpg?KID=imgbed,tva&Expires=1728554099&ssig=4oXbCTTVS4"
5087668291507422,2024-10-09,7,甘肃,这都有啊[good],礼拜五干什么,f,其他,"https://tvax3.sinaimg.cn/crop.0.0.540.540.180/006omsx5ly8gywrtuucjtj30f00f0mxc.jpg?KID=imgbed,tva&Expires=1728554099&ssig=8oHAWkBypp"
5087668291507422,2024-10-09,19,广东,昨天才看过，今天果然就没了，触动到上面某些人的利益了[二哈]被封说明含金量更高了,罪蓝,m,广东 韶关,"https://tvax1.sinaimg.cn/crop.0.0.1000.1000.180/aeaa0e41ly8hdlodwy0gmj20rs0rsgog.jpg?KID=imgbed,tva&Expires=1728554099&ssig=4q2caRN0F4"
5087668291507422,2024-10-10,5,广东,不是，哥们，你咋啥都有,海上北向一,m,广东,"https://tvax3.sinaimg.cn/crop.0.0.1006.1006.180/006BADdwly8glp03ffi41j30ry0rymx3.jpg?KID=imgbed,tva&Expires=1728554099&ssig=0IvpKiUxN4"
5087668291507422,2024-10-09,1,河南,🐮🍺,天喵手机通讯,m,其他,"https://tvax1.sinaimg.cn/crop.0.0.1024.1024.180/008hMHifly8hrppijeaolj30sg0sgta5.jpg?KID=imgbed,tva&Expires=1728554099&ssig=OsHoj0zwew"
5087668291507422,2024-10-10,3,福建,没下之前B站首页还推过，感觉兴趣不大没看[笑cry]，下架后激发兴趣找来看了,少即是多0525,m,福建 福州,"https://tva2.sinaimg.cn/crop.0.0.180.180.180/6e840433jw1e8qgp5bmzyj2050050aa8.jpg?KID=imgbed,tva&Expires=1728554099&ssig=DqPaexnqmt"
5087668291507422,2024-10-10,0,北京,昨天首页刷到没点进去看...,最爱你会笑的眼睛,f,北京 海淀区,"https://tvax1.sinaimg.cn/crop.0.0.1080.1080.180/005S13ujly8hjsdpfv37gj30u00u078j.jpg?KID=imgbed,tva&Expires=1728554099&ssig=1pCeZC8vLH"
5087668291507422,2024-10-10,0,广东,牛牛牛！[good][good][good][good][good][good],爱吃爱睡的小猪猪,f,广东 深圳,"https://tva1.sinaimg.cn/crop.0.0.180.180.180/86c8b57djw1e8qgp5bmzyj2050050aa8.jpg?KID=imgbed,tva&Expires=1728554099&ssig=4jke%2BEcBCg"
5087668291507422,2024-10-09,0,辽宁,为什么,猛踹瘸zi那只好腿,f,海外,"https://tvax4.sinaimg.cn/crop.0.0.1024.1024.180/69e6f9f7ly8hj1h4fpwn8j20sg0sgad8.jpg?KID=imgbed,tva&Expires=1728554099&ssig=Zv6aje6VJL"
5087668291507422,2024-10-10,0,广东,这你都有啊哈哈哈哈哈,Junko桃桃乐,f,香港 其他,"https://tvax4.sinaimg.cn/crop.0.0.512.512.180/7dfeabccly8gnux6ydoffj20e80e8t8x.jpg?KID=imgbed,tva&Expires=1728554099&ssig=E89VKmpOS0"
5087668291507422,2024-10-10,0,湖南,说了啥,Essentians,m,其他,"https://tvax1.sinaimg.cn/crop.0.0.1080.1080.180/006AwSbVly8hg4aps3hxoj30u00u0759.jpg?KID=imgbed,tva&Expires=1728554099&ssig=s2iySgv6hw"
5087668291507422,2024-10-10,0,吉林,先拿再说,纯文字不能作名字锦鲤,m,其他,"https://tvax1.sinaimg.cn/crop.0.0.1080.1080.180/007S1Y8ily8hp2h3r8o1uj30u00u0t9s.jpg?KID=imgbed,tva&Expires=1728554099&ssig=HMge8d%2FLvR"
5087668291507422,2024-10-10,0,浙江,太牛了,禁止幻想大师,m,重庆,"https://tvax1.sinaimg.cn/crop.0.0.512.512.180/005TbJu2ly8gvbdibb1llj60e80e83yo02.jpg?KID=imgbed,tva&Expires=1728554099&ssig=%2ByVZlk4C%2FV"
5087668291507422,2024-10-09,0,安徽,[doge],不愿再做赌徒,m,上海,"https://tvax3.sinaimg.cn/crop.0.0.996.996.180/006ALJBsly8gex1n8vzd2j30ro0romyq.jpg?KID=imgbed,tva&Expires=1728554099&ssig=e4ocZ0WqJ6"
5087668291507422,2024-10-09,0,湖南,你好迅速,乔阿布勒斯,f,四川 成都,"https://tvax3.sinaimg.cn/crop.0.0.1080.1080.180/006IWOxfly8h8mmdngw7qj30u00u0jur.jpg?KID=imgbed,tva&Expires=1728554099&ssig=lBq13Vq%2Fk5"
5087668291507422,2024-10-09,0,黑龙江,牛批牛批，这个必须点赞了[666][666][666][666],一只牛油果QAQ,f,黑龙江 哈尔滨,"https://tvax2.sinaimg.cn/crop.0.0.996.996.180/006UQRPTly8fmioxptc14j30ro0rowh1.jpg?KID=imgbed,tva&Expires=1728554099&ssig=%2F6Gv80xj7r"
5087668291507422,2024-10-09,0,江苏,[疑问][疑问][疑问],小月半仙兒er,f,其他,"https://tvax4.sinaimg.cn/crop.0.0.1080.1080.180/4915a846ly8hr1j3nicjij20u00u0tcl.jpg?KID=imgbed,tva&Expires=1728554099&ssig=LhYnHst0LM"
5087668291507422,2024-10-09,0,山东,你真是啥都有,不改名字不舒服,f,四川 自贡,"https://tva1.sinaimg.cn/crop.0.0.300.300.180/9f0e7e8ftw1e86wex47ooj20dw0dwmyz.jpg?KID=imgbed,tva&Expires=1728554099&ssig=%2FGqVr%2BQXwM"
5087668291507422,2024-10-09,0,河南,感觉很厉害的样子,因为草莓是草莓,f,其他,"https://tvax3.sinaimg.cn/crop.0.0.690.690.180/006fSLIVly8h1pafv56sbj30j60j675u.jpg?KID=imgbed,tva&Expires=1728554099&ssig=4IvH2wHLc7"
5087668291507422,2024-10-09,0,天津,Allt och Eva,恋空123686,f,天津,"https://tvax1.sinaimg.cn/crop.0.0.996.996.180/a2667bf3ly8fio8yh5qctj20ro0rodh7.jpg?KID=imgbed,tva&Expires=1728554099&ssig=6i%2BzCdhu72"
5087851278500183,2024-10-10,100,广东,《00后整治外卖乱象》,黑MonkMonkTim,m,广东,"https://tvax3.sinaimg.cn/crop.0.0.512.512.180/687e7055ly8hp8pv4khwxj20e80e8mxv.jpg?KID=imgbed,tva&Expires=1728554103&ssig=vWGt0sfcZg"
5087851278500183,2024-10-10,64,北京,外卖基本上都与商家给的图片描述不符，很多都有欺诈行为,迷人小凡人,f,北京 西城区,"https://tva2.sinaimg.cn/crop.0.0.180.180.180/4a292cfdjw8e8zudkq2orj2050050wej.jpg?KID=imgbed,tva&Expires=1728554103&ssig=pl%2F8coYbh8"
5087851278500183,2024-10-10,14,四川,感觉这个判决奇奇怪怪的！[摊手],EMO王石叁,m,四川 成都,"https://tvax1.sinaimg.cn/crop.0.0.962.962.180/005MCp3Qly8hs0jgeyoekj30qq0qq74k.jpg?KID=imgbed,tva&Expires=1728554103&ssig=SyJ8zELddX"
5087851278500183,2024-10-10,19,山东,打官司的成本远远大于赔偿，这就是维权思维，争口气争个理,死于龙门架,m,山东,"https://tvax2.sinaimg.cn/crop.0.0.1080.1080.180/006jTznYly8hu0ar86nvbj30u00u0n06.jpg?KID=imgbed,tva&Expires=1728554103&ssig=zhAEcI%2FqMV"
5087851278500183,2024-10-10,7,上海,这么多年，方便面包装上的骗人图片为什么不处罚？,如履破冰,m,上海 长宁区,"https://tva1.sinaimg.cn/crop.0.0.180.180.180/56e30343jw1e8qgp5bmzyj2050050aa8.jpg?KID=imgbed,tva&Expires=1728554103&ssig=wIDIMP4oNC"
5087851278500183,2024-10-10,7,北京,我觉得如果15这个盒饭还是贵了，但是要是10块钱还不错,00股00神00,m,其他,"https://tvax4.sinaimg.cn/crop.0.0.132.132.180/008jpjjIly4gqx8ziz7y6j303o03ot8j.jpg?KID=imgbed,tva&Expires=1728554103&ssig=eGJEbjzHGl"
5087851278500183,2024-10-10,2,重庆,去某地旅游，定最好的房间，酒店办理最差的房间，投诉后退一赔三,冉冉冉冉先生,m,重庆 彭水苗族土家族自治县,"https://tvax3.sinaimg.cn/crop.0.0.1002.1002.180/005y4SS2ly8gjznu45njsj30ru0ru0tz.jpg?KID=imgbed,tva&Expires=1728554103&ssig=HND2AiyVuj"
5087851278500183,2024-10-10,1,浙江,一看就是预制菜，商家发现量少香肠来凑,----ENZO----,m,其他,"https://tvax3.sinaimg.cn/crop.0.0.1080.1080.180/007wE8j2ly8fyfbzqsc6sj30u00u0adu.jpg?KID=imgbed,tva&Expires=1728554103&ssig=wci80HYHkg"
5087851278500183,2024-10-10,0,陕西,哈哈 这是消费者惩罚性赔偿中的欺诈行为的惩罚性赔偿 赔偿购买商品或接受服务的价款3倍赔偿 不足500按照500计算,流浪鸡蛋仔_,f,陕西,"https://tvax1.sinaimg.cn/crop.0.0.218.218.180/005LZPdLly8ht1dpxejdzj3062062a9y.jpg?KID=imgbed,tva&Expires=1728554103&ssig=Km4rom04HI"
5087851278500183,2024-10-10,0,广东,麦当劳也去处罚吧,Atlas阿,m,广东 深圳,"https://tvax2.sinaimg.cn/crop.0.0.751.751.180/6b7e02bfly8ggxyyot2nmj20kv0kvdgt.jpg?KID=imgbed,tva&Expires=1728554103&ssig=iyq5w%2FI40d"
5087851278500183,2024-10-10,0,河北,挺好,林林同学爱美好,f,其他,"https://tvax2.sinaimg.cn/crop.0.0.400.400.180/7f1f0107ly8fxozrpa2r9j20b40b4t98.jpg?KID=imgbed,tva&Expires=1728554103&ssig=tkzKeqYhc3"
5087851278500183,2024-10-10,0,河北,[泪],小小锦鲤ye,m,北京,"https://tvax3.sinaimg.cn/crop.0.0.512.512.180/008xS2eyly8hcfzmpfbw5j30e80e8aar.jpg?KID=imgbed,tva&Expires=1728554103&ssig=yC8kfJV%2BkA"
5087851278500183,2024-10-10,0,山东,厉害，学到了,今天聪律唑瑷了吗,m,其他,"https://tvax3.sinaimg.cn/crop.145.0.789.789.180/005R8XVTly8huee05eugnj30u00lx3zb.jpg?KID=imgbed,tva&Expires=1728554103&ssig=QZYF7B8Dxm"
5087851278500183,2024-10-10,0,江西,没什么冤枉的，有的商家不愿意自己拍用的美团内置的图库，那玩意日常能见到的准点，有的差别很大,一越月,m,江西 九江,"https://tva3.sinaimg.cn/crop.0.0.720.720.180/6a215d83jw8ejpuiul83uj20k00k0wf8.jpg?KID=imgbed,tva&Expires=1728554103&ssig=0lUmDP6KGg"
5087851278500183,2024-10-10,1,江苏,电商更是烂大街,凡客赚in,m,其他,"https://tvax2.sinaimg.cn/crop.0.0.828.828.180/006VeQwmly8hgeqnmcdudj30n00n0q3u.jpg?KID=imgbed,tva&Expires=1728554103&ssig=x8m1ZDAp5F"
5087851278500183,2024-10-10,0,安徽,我感觉我找到生财之道了[doge],午夜场电影,f,安徽,"https://tvax4.sinaimg.cn/crop.0.0.828.828.180/555b3f9cly8g7ur1siw2ej20n00n0t9v.jpg?KID=imgbed,tva&Expires=1728554103&ssig=c4v3BCLZFV"
5087851278500183,2024-10-10,0,重庆,我餐里有异物店家还不想赔偿呢[允悲][允悲][允悲][允悲],修改名字居然要会员,f,重庆,"https://tvax1.sinaimg.cn/crop.0.0.720.720.180/005TrowBly8haq40xyemcj30k00k0q3q.jpg?KID=imgbed,tva&Expires=1728554103&ssig=xJSBbVRFbg"
5087851278500183,2024-10-10,1,广东,那是因为都是预制的料理包[doge]进价我没记错的话两块多,此昵称已被抢占使用,m,安徽 合肥,"https://tvax4.sinaimg.cn/crop.0.0.750.750.180/b4c17e88ly8fyr46zne3pj20ku0kuwfg.jpg?KID=imgbed,tva&Expires=1728554103&ssig=pgqjgytgJs"
5087851278500183,2024-10-10,0,重庆,你们只看见15元的卖价，却不知道商家到手除开配送费和平台费可能只有7元。,无名先圣___,m,其他,"https://tvax2.sinaimg.cn/crop.0.0.1080.1080.180/008EgeACly8hq9mo4j48xj30u00u0wht.jpg?KID=imgbed,tva&Expires=1728554103&ssig=zr0%2FCPpGXX"
5087851278500183,2024-10-10,0,江苏,这小潘确实是个狠人，烧烤店老板失算了,珠穆朗玛峰上的少年丶,m,北京,"https://tvax3.sinaimg.cn/crop.0.0.896.896.180/91c1adf9ly8huer8elsn0j20ow0own0j.jpg?KID=imgbed,tva&Expires=1728554103&ssig=PnzOhC%2BexX"
5080798810344122,2024-09-21,23,辽宁,不能说一摸一样也是八九不离十[doge],Zhen的微服私访,m,其他,"https://tvax2.sinaimg.cn/crop.0.0.618.618.180/006XPrFuly8hsh4ckt7ewj30h60h6wf3.jpg?KID=imgbed,tva&Expires=1728554106&ssig=7i5Ot%2FRpDV"
5080798810344122,2024-09-21,17,天津,真是丑得一样,眀棟,m,海外 美国,"https://tvax1.sinaimg.cn/crop.0.0.512.512.180/50b90638ly8hqs7cq6ulhj20e80e8t9m.jpg?KID=imgbed,tva&Expires=1728554106&ssig=VuVZJSCQgC"
5080798810344122,2024-09-21,90,福建,[允悲][允悲][允悲]真的挺像的,Evonal,f,福建 泉州,"https://tvax3.sinaimg.cn/crop.0.0.1000.1000.180/67f6d087ly8huaswcart7j20rs0rs0vp.jpg?KID=imgbed,tva&Expires=1728554106&ssig=r0c4UHVyYx"
5080798810344122,2024-09-20,22,广西,我去，真的好像啊,格格不入_brttgn,f,重庆 巴南区,"https://tvax1.sinaimg.cn/crop.0.0.960.960.180/007vZqc8ly8hucyukymdxj30qo0qodm6.jpg?KID=imgbed,tva&Expires=1728554106&ssig=XewsF7U2hq"
5080798810344122,2024-09-21,2,黑龙江,还挺像的,peace--happiness,m,其他,"https://tvax3.sinaimg.cn/crop.0.0.720.720.180/007QDklbly8he2dkhku7ej30k00k0mzz.jpg?KID=imgbed,tva&Expires=1728554106&ssig=0eB1Erfb%2Bi"
5080798810344122,2024-09-21,3,四川,好想打电话问一下~喂，请问是本人吗[doge],玖思伍,f,四川 成都,"https://tvax3.sinaimg.cn/crop.0.0.1080.1080.180/c5686e45ly8hmbt3vt910j20u00u0mzv.jpg?KID=imgbed,tva&Expires=1728554106&ssig=AvFvrPuPO%2F"
5080798810344122,2024-09-21,6,广东,真挺像的[笑cry],谧挽疏疏,m,海外,"https://tvax4.sinaimg.cn/crop.0.0.635.635.180/006WC4tSly8htszwkiua4j30hn0hn3z4.jpg?KID=imgbed,tva&Expires=1728554106&ssig=WSossgl0H%2F"
5080798810344122,2024-10-03,0,四川,还是没有那种帝王的气质 天生傲视群雄的眼神,7_iyvv,m,河北 保定,"https://tvax1.sinaimg.cn/crop.0.0.512.512.180/006w50Qzly8hq7befemufj30e80e8q3d.jpg?KID=imgbed,tva&Expires=1728554106&ssig=CTKZ8ZcnW6"
5080798810344122,2024-10-02,1,上海,@润润润润Ruun @你谁啊老头 哈哈哈哈,光bu度,m,北京 海淀区,"https://tvax1.sinaimg.cn/crop.0.0.512.512.180/007eIUfAly8h9zs1x9so6j30e80e8js6.jpg?KID=imgbed,tva&Expires=1728554106&ssig=q37d4Bso89"
5080798810344122,2024-09-21,0,广西,@不行报警抓我,你是不是想泡我啊,m,其他,"https://tvax1.sinaimg.cn/crop.0.0.512.512.180/72452be7ly8gvvfbzd77kj20e80e8t96.jpg?KID=imgbed,tva&Expires=1728554106&ssig=DkZXo5HhBQ"
5080798810344122,2024-09-21,0,重庆,[吃瓜][吃瓜],啵丝Q吸吸欧气,f,其他,"https://tvax3.sinaimg.cn/crop.0.0.960.960.180/9bef8051ly8htjo15tkuaj20qo0qo3zt.jpg?KID=imgbed,tva&Expires=1728554106&ssig=wdg1iCqKKO"
5080798810344122,2024-09-27,2,江苏,男的缺少那份气质,毛毛兔崽子,f,江苏 无锡,"https://tvax4.sinaimg.cn/crop.0.0.511.511.180/79446d17ly8hbe9fdv1gxj20e70e7js7.jpg?KID=imgbed,tva&Expires=1728554106&ssig=210NAO%2FGro"
5080798810344122,2024-09-26,4,天津,COS俩死鬼多不吉利[二哈],鹿鉴,m,天津 和平区,"https://tvax3.sinaimg.cn/crop.0.0.656.656.180/60a67e6bly8gj7npobr4gj20i80i8q3k.jpg?KID=imgbed,tva&Expires=1728554106&ssig=CvWHsjXtKJ"
5080798810344122,2024-09-25,0,河北,@老胖狗二代 [允悲],椛花园子,f,湖南 常德,"https://tvax1.sinaimg.cn/crop.0.0.1023.1023.180/559a912fly8ho3d36nz9oj20sg0sfmyg.jpg?KID=imgbed,tva&Expires=1728554106&ssig=8nVQnYBq22"
5080798810344122,2024-09-21,5,江苏,图3就是cosplay的人[允悲],_爱吃泡芙的蛋挞,m,江苏,"https://tvax2.sinaimg.cn/crop.0.0.512.512.180/005Qd1xhly8g4ynkhdhchj30e80e8mxe.jpg?KID=imgbed,tva&Expires=1728554106&ssig=WMU0jRfVzU"
5080798810344122,2024-10-08,0,广东,真的像,dddy喜欢虞美人,f,广东,"https://tvax2.sinaimg.cn/crop.0.0.1080.1080.180/007s3ZKNly8htbtpnsxo5j30u00u00wm.jpg?KID=imgbed,tva&Expires=1728554106&ssig=DR6YPruMOI"
5080798810344122,2024-10-03,0,辽宁,6,YjkLdk,f,其他,"https://tvax1.sinaimg.cn/crop.0.0.500.500.180/008AAlDply8hudr4us8rpj30dw0dwjsl.jpg?KID=imgbed,tva&Expires=1728554106&ssig=lq6wf91mCT"
5080798810344122,2024-10-02,0,内蒙古,黑白的是要把观众送走吗,轻熟素颜,f,内蒙古 呼和浩特,"https://tva3.sinaimg.cn/crop.0.0.640.640.180/6324c7ddjw8erurfzvlj3j20hs0hsmxo.jpg?KID=imgbed,tva&Expires=1728554106&ssig=DR505OrwS2"
5080798810344122,2024-09-30,0,浙江,笑死了，怎么会这么像啊,振宇的昵称被占了,m,内蒙古,"https://tvax1.sinaimg.cn/crop.0.0.1080.1080.180/6f864a45ly8htq70xit4cj20u00u0jvz.jpg?KID=imgbed,tva&Expires=1728554106&ssig=g1Su6NkUW4"
5080798810344122,2024-09-30,0,北京,没被抓么,小怪兽Sweets,f,北京,"https://tvax4.sinaimg.cn/crop.0.0.1242.1242.180/943fbd3dly8fruw59o8vnj20yi0yiad3.jpg?KID=imgbed,tva&Expires=1728554106&ssig=1VLgNg9WdA"
5087867672199371,2024-10-10,760,福建,撞大运了,_Religious,m,福建 厦门,"https://tva3.sinaimg.cn/crop.0.0.1080.1080.180/bd73f6ddjw8emd6lfaomrj20u00u0abm.jpg?KID=imgbed,tva&Expires=1728554110&ssig=vvQeIXVj8Y"
5087867672199371,2024-10-10,218,山东,我有全险，你有什么？,贤宇不是咸鱼哦,m,辽宁 大连,"https://tvax4.sinaimg.cn/crop.0.0.466.466.180/007f7VdWly8hfdnd5d6p6j30cy0cyt9v.jpg?KID=imgbed,tva&Expires=1728554110&ssig=LR1mOLRT9a"
5087867672199371,2024-10-10,185,江苏,看了下卡路里消耗量直接爆表，一问原来是火化了。,倒拔垂杨-鲁智花,f,江苏 无锡,"https://tvax2.sinaimg.cn/crop.0.0.1080.1080.180/008tZX3Sly8hg5dbkkxebj30u00u0775.jpg?KID=imgbed,tva&Expires=1728554110&ssig=vIjIQVmqjf"
5087867672199371,2024-10-10,101,山东,我就说云南人都有点东西的,我要操亖我自己,m,海外,"https://tvax3.sinaimg.cn/crop.0.0.510.510.180/006nsRp1ly8hrojm7j98jj30e60e674j.jpg?KID=imgbed,tva&Expires=1728554110&ssig=8EgXeNT8%2Bv"
5087867672199371,2024-10-10,99,江西,这不申请世界纪录？史上最慢的跑步者。,重开一盘,m,江西,"https://tvax1.sinaimg.cn/crop.0.0.255.255.180/63ffd68fly8hc0va1qybzj2074073jrc.jpg?KID=imgbed,tva&Expires=1728554110&ssig=ij4%2Bihmwp1"
5087867672199371,2024-10-10,18,广东,果然聪明人多,陪你看微型银河,m,其他,"https://tvax2.sinaimg.cn/crop.0.0.828.828.180/008ek3wUly8gqdsabd4f4j30n00n0q4i.jpg?KID=imgbed,tva&Expires=1728554110&ssig=52Ul%2BEBr%2FJ"
5087867672199371,2024-10-10,13,山东,应该是出门站了四个小时被半挂撞了（所以右下角才显示速度）,晚别离,m,山东 青岛,"https://tvax3.sinaimg.cn/crop.0.0.1080.1080.180/006lA4pqly8hro0raqr9vj30u00u0whi.jpg?KID=imgbed,tva&Expires=1728554110&ssig=53gSdQ8wN3"
5087867672199371,2024-10-10,11,四川,交闪现了,江湖凶险不配剑,m,其他,"https://tvax3.sinaimg.cn/crop.0.0.1080.1080.180/adecca36ly8htabslrtfxj20u00u0mzt.jpg?KID=imgbed,tva&Expires=1728554110&ssig=NiMJK%2B2pjA"
5087867672199371,2024-10-10,6,塞舌尔,被半挂撞了还能活着发dy，这不是黑豹也是死侍了,smkweekndecerydae,m,其他,"https://tvax2.sinaimg.cn/crop.0.0.385.385.180/006uZnGAly8hsnld5f5z9j30ap0apabl.jpg?KID=imgbed,tva&Expires=1728554110&ssig=zmTgZhA6Fa"
5087867672199371,2024-10-10,1,山东,@茫茫日月,瀚冬冬冬冬,m,山东,"https://tvax4.sinaimg.cn/crop.0.0.1080.1080.180/006ST8JCly8hp0qip45jyj30u00u0dil.jpg?KID=imgbed,tva&Expires=1728554110&ssig=iCzToMhpgX"
5087867672199371,2024-10-10,2,海南,主播你人搁在哪呢？ http://t.cn/A6EHKVu5,迂鱼雨遇柿,f,海南 三亚,"https://tvax3.sinaimg.cn/crop.0.0.1080.1080.180/008m0DBDly8hpu0w7u4m5j30u00u0gnr.jpg?KID=imgbed,tva&Expires=1728554110&ssig=dAI8F6n%2Fij"
5087867672199371,2024-10-10,0,湖南,@-平行公理- 哈哈哈哈哈哈哈哈哈哈哈哈,球丘球好叶,f,湖南,"https://tvax1.sinaimg.cn/crop.0.0.500.500.180/006nsJlply8hb0gng4gcvj30dw0dw3zd.jpg?KID=imgbed,tva&Expires=1728554110&ssig=aKA5PmHVyS"
5087867672199371,2024-10-10,0,江苏,@狂炫三碗饭_ 撞大运啦,-曦月月-,f,山东 潍坊,"https://tvax1.sinaimg.cn/crop.0.0.1080.1080.180/005JHv7Ply8htfzic2w7kj30u00u040y.jpg?KID=imgbed,tva&Expires=1728554110&ssig=MWVy1XC0%2Fj"
5087867672199371,2024-10-10,1,重庆,@Pryzbylewski,历骛,m,重庆 铜梁区,"https://tvax1.sinaimg.cn/crop.0.0.1024.1024.180/005wDwnKly8hk3v4dkmfaj30sg0sgn2i.jpg?KID=imgbed,tva&Expires=1728554110&ssig=ztrl6eFexa"
5087867672199371,2024-10-10,1,浙江,果然有天赋,_修正液儿_,f,其他,"https://tvax2.sinaimg.cn/crop.0.0.852.852.180/732cc029ly8hax8h9exlmj20no0nota7.jpg?KID=imgbed,tva&Expires=1728554110&ssig=zSntrzCn34"
5087867672199371,2024-10-10,0,江苏,轮椅坏了呗,G要4个字以上K,m,江苏 南京,"https://tvax4.sinaimg.cn/crop.0.0.544.544.180/6d7fc5fcly8h5k6lsoizgj20f40f43z4.jpg?KID=imgbed,tva&Expires=1728554110&ssig=%2FFEV5cUSJf"
5087867672199371,2024-10-10,0,浙江,@小鹿一乱 笑的想死,本羊懒得想,m,浙江 杭州,"https://tvax2.sinaimg.cn/crop.0.0.684.684.180/943d45b3ly8fr345g16ocj20j00j0aaz.jpg?KID=imgbed,tva&Expires=1728554110&ssig=%2FFQPWU%2FuKg"
5087867672199371,2024-10-10,0,北京,正解,LaikiWyld,m,广东,"https://tvax1.sinaimg.cn/crop.0.0.960.960.180/008xbaOdly8hu0elepmn3j30qo0qo76m.jpg?KID=imgbed,tva&Expires=1728554110&ssig=fKs80ytWN0"
5087867672199371,2024-10-10,0,广西,吓人,五爷的胖猫,f,广西 南宁,"https://tvax3.sinaimg.cn/crop.337.0.689.689.180/007acXSSly8ftgegii9gnj30zk0k0416.jpg?KID=imgbed,tva&Expires=1728554110&ssig=zmjHFiz%2BMS"
5087867672199371,2024-10-10,0,广西,@小枫酱 哈哈哈哈哈哈,monfavoribrs,f,北京 东城区,"https://tva1.sinaimg.cn/crop.340.1.450.450.180/c4e1538dgw1e8dvpqnjx3j20rs0nvgro.jpg?KID=imgbed,tva&Expires=1728554110&ssig=MlgKF1Ek61"
5087702912866401,2024-10-09,62,上海,爱优腾B应该学学P站X站和油管是怎么操作的，他们的流量不比国内低，油管4K真没的说,KIRA张公子,m,上海,"https://tvax1.sinaimg.cn/crop.0.0.1080.1080.180/4067fe61ly8h6vsjzuayzj20u00u0abl.jpg?KID=imgbed,tva&Expires=1728554113&ssig=Sqoggv0Uiz"
5087702912866401,2024-10-10,24,广东,难怪在线看啥都没问题的电影，放本地片源会卡。。。。。这问题我想了好久。。。。准备换显卡了。。。,天凶,m,广东 深圳,"https://tva4.sinaimg.cn/crop.0.0.180.180.180/64faa463jw1e8qgp5bmzyj2050050aa8.jpg?KID=imgbed,tva&Expires=1728554113&ssig=x1wq3JsYqN"
5087702912866401,2024-10-10,14,四川,哪里有真4k片源呢，一部电影几十G那种，花钱都行，愿意支持正版，但不想线上看假4k了[苦涩],空中三轮儿,m,四川 成都,"https://tva3.sinaimg.cn/crop.0.0.996.996.180/e9b2243djw8f3uqi1jnlqj20ro0rpada.jpg?KID=imgbed,tva&Expires=1728554113&ssig=YDePIve%2Bit"
5087702912866401,2024-10-09,11,江苏,图片评论 http://t.cn/A6ETCNgu,不爱喝冰阔辣,m,其他,"https://tvax1.sinaimg.cn/crop.0.0.888.888.180/0089jVZXly8gjhrs96ik5j30oo0oogml.jpg?KID=imgbed,tva&Expires=1728554113&ssig=oBF2w3O5oq"
5087702912866401,2024-10-09,29,山西,爱优腾的广告真是无孔不入，会员也基本就是去个开头广告，暂停广告什么的恶心透了,在这起个名字比B站还难,m,山西 太原,"https://tvax3.sinaimg.cn/crop.0.0.812.812.180/006b1e5ply8gzc2ze9ko8j30mk0mkwfq.jpg?KID=imgbed,tva&Expires=1728554113&ssig=w7%2FtEeRiGj"
5087702912866401,2024-10-10,20,江苏,当年说出华为gpu turbo依靠降画质来提升帧率的那些视频也被下架了。在实现“遥遥领先”的征程路上，你得做个真诚正直的人[doge],真性情打狗棒,m,北京,"https://tvax3.sinaimg.cn/crop.0.0.1080.1080.180/0081rcFaly8ga61t1sp58j30u00u076g.jpg?KID=imgbed,tva&Expires=1728554113&ssig=5WIPnzXHi1"
5087702912866401,2024-10-10,1,广东,我觉得是手机屏幕的问题，以前的LCD材质1080P看视频很多手机都挺清晰的，这几年的旗舰手机吹的各种屏，而且都是2K以上分辨率，看视频反而没以前的清晰，感觉屏幕技术被某个屏幕公司带沟里去了，不是技术越进步分辨率越高越清晰的吗？怎么感觉倒退了，不过苹果手机看视频还是比较清晰的,东大七仔,m,广东,"https://tvax2.sinaimg.cn/crop.0.0.1080.1080.180/94f929c3ly8hrx7udmq6vj20u00u00v6.jpg?KID=imgbed,tva&Expires=1728554113&ssig=wkwqM9I9me"
5087702912866401,2024-10-09,8,北京,油管,mo_wang,m,北京 朝阳区,"https://tva3.sinaimg.cn/crop.0.31.500.500.180/3f748f9fjw8f9l2w3gfyqj20dw0go3yt.jpg?KID=imgbed,tva&Expires=1728554113&ssig=IzNNbf775n"
5087702912866401,2024-10-09,4,北京,主要感觉还是手机用户居多且没被尊重吧，你在一个小屏幕的设备上讲真你肉眼再厉害也很难看出太大差距吧，当然PC用户肯定能感知到有问题，还是基于用户群体之后的决策吧，可能未来没准可以有选项，比如你是PC用户给你更好的体验你跟油管似的看一段广告或者VIP免费啥的。,Originnnnnnnnnnnnn,m,北京 东城区,"https://tva4.sinaimg.cn/crop.0.0.590.590.180/9b7e30f7jw8f2zpujx33vj20gf0ge77x.jpg?KID=imgbed,tva&Expires=1728554113&ssig=sa05Rx5p5G"
5087702912866401,2024-10-10,3,河南,没啥意思，现在的视频都是美颜滤镜，多少k都没用,蝴蝶宇宙沙漏,f,海外 马来西亚,"https://tvax3.sinaimg.cn/crop.0.0.1080.1080.180/007zspqRly8hqs8y5de9sj30u00u0whr.jpg?KID=imgbed,tva&Expires=1728554113&ssig=c2t%2BsJn7%2B%2B"
5087702912866401,2024-10-09,1,广东,会员不断涨价，清晰度不断下降。赢麻了。,hello子琳,m,广东,"https://tvax4.sinaimg.cn/crop.0.0.1080.1080.180/006NQGSfly8hp28le9nfuj30u00u0gpn.jpg?KID=imgbed,tva&Expires=1728554113&ssig=Vw9faAwWuK"
5087702912866401,2024-10-10,1,河北,除了b站随便一个视频网站广告满天飞,是空想拯救了我,m,其他,"https://tvax3.sinaimg.cn/crop.0.0.1080.1080.180/744d6e0fly8h5foad1tdmj20u00u0ad6.jpg?KID=imgbed,tva&Expires=1728554113&ssig=dGOtVtYxcD"
5087702912866401,2024-10-10,2,江苏,反正 b 站会员我是不会再买了，其它视频平台因为版权问题没办法，不买不给看,INTP-GPT,f,其他,"https://tvax3.sinaimg.cn/crop.1.0.300.300.180/007iUxs0ly1gpdbp9e5apj308f08cwek.jpg?KID=imgbed,tva&Expires=1728554113&ssig=WOuXs3Tj2r"
5087702912866401,2024-10-09,0,福建,油管，苹果TV,啊华同学_,m,福建 厦门,"https://tvax1.sinaimg.cn/crop.0.0.600.600.180/6906867cly8hr64ysp4hej20go0gogpt.jpg?KID=imgbed,tva&Expires=1728554113&ssig=JzV8LIWBKD"
5087702912866401,2024-10-10,3,甘肃,重点是没人管[坏笑]虚假宣传都没人管,激昂小熊熊爱写信,m,其他,"https://tvax4.sinaimg.cn/crop.0.0.500.500.180/008FVsXhly8htjmq4q95gj30dw0dwwfl.jpg?KID=imgbed,tva&Expires=1728554113&ssig=qGsgHwow9%2B"
5087702912866401,2024-10-10,0,贵州,不了解国外平台，不过国外怎么看2k 以上啊。起因是之前Gen G乳了，导致国内看不了官方lck转播，但是油管等直播平台画质糊的一匹[奥姆],四夕的三日天气,m,贵州,"https://tvax2.sinaimg.cn/crop.0.0.260.260.180/0081elLlly8gxzmknt7z7j3078078dfy.jpg?KID=imgbed,tva&Expires=1728554113&ssig=54JwTh1s36"
5087702912866401,2024-10-10,8,浙江,以国内这些平台的尿性，估计会把右键->视频统计信息 的功能干掉。叨叨码率是吧，不让你看了。,凉拌皮牙子,m,浙江 杭州,"https://tvax2.sinaimg.cn/crop.0.0.480.480.180/e5687623ly8h1cudfy4caj20dc0dcaa9.jpg?KID=imgbed,tva&Expires=1728554113&ssig=C4lETFYq3u"
5087702912866401,2024-10-10,0,浙江,家里上百T了，我已经是屯屯鼠了。,滨大大大,m,浙江 杭州,"https://tva1.sinaimg.cn/crop.0.0.996.996.180/894de9c6jw8f787ost1dmj20ro0ro7a2.jpg?KID=imgbed,tva&Expires=1728554113&ssig=INSb78fNZk"
5087702912866401,2024-10-09,1,安徽,油管那边也给下，[允悲],电气之子,f,其他,"https://tvax2.sinaimg.cn/crop.0.0.1080.1080.180/008xAo6kly8hgwl5n3qecj30u00u0q5d.jpg?KID=imgbed,tva&Expires=1728554113&ssig=wgupF8gfAq"
5085525177010536,2024-10-03,2,江苏,我记得两年前还和刘庸一起拍过视频，也不像这样,回望风逝,m,江苏,"https://tvax2.sinaimg.cn/crop.0.0.1002.1002.180/0061IE0Bly8g5ox5rwdgsj30ru0rudg0.jpg?KID=imgbed,tva&Expires=1728554138&ssig=yjPwQs5Vxd"
5085525177010536,2024-10-05,0,海南,你们不入？那我入！[怒],图图老爹-,m,江西,"https://tvax3.sinaimg.cn/crop.0.0.960.960.180/008rCv45ly8hgvdee4n6fj30qo0qotav.jpg?KID=imgbed,tva&Expires=1728554138&ssig=wAp6vDrzxj"
5085525177010536,2024-10-03,0,辽宁,一胖毁所有,沙之幻·,m,其他,"https://tvax3.sinaimg.cn/crop.0.0.510.510.180/008f89HPly8htzzz2jgxtj30e60e60u3.jpg?KID=imgbed,tva&Expires=1728554138&ssig=2vFS5r8Jy4"
5085525177010536,2024-10-10,0,江西,人家想长咋样长咋样,凭珩,f,其他,"https://tvax2.sinaimg.cn/crop.0.0.497.497.180/69c8a78cly8hug00z2q8fj20dt0dtjrl.jpg?KID=imgbed,tva&Expires=1728554138&ssig=mJzl%2F85GOF"
5085525177010536,2024-10-10,0,浙江,因为生了孩子了,_威武的心_,m,浙江,"https://tvax2.sinaimg.cn/crop.0.0.464.464.180/006aYR0kly8h8p96701xfj30cw0cwdg5.jpg?KID=imgbed,tva&Expires=1728554138&ssig=z4aATWSgM5"
5085525177010536,2024-10-10,0,安徽,唇珠，都不是一个人,Taylorstarr,m,安徽,"https://tvax3.sinaimg.cn/crop.0.0.1080.1080.180/007DAl3ply8ht8mkzwxomj30u00u0tbx.jpg?KID=imgbed,tva&Expires=1728554138&ssig=Ln%2FzAJL1T%2B"
5085525177010536,2024-10-03,0,北京,本宫瞧着，这五年果真磨砺出了一颗璀璨明珠，流泪的背后，定是无人知晓的辛酸。继续在宫中闪耀吧，看谁敢不识抬举！,华妃宠冠六宫,f,其他,"https://tvax4.sinaimg.cn/crop.0.0.512.512.180/008CmtP7ly8hlwmb3wooxj30e80e8q3p.jpg?KID=imgbed,tva&Expires=1728554138&ssig=D1oU6Yaj8a"
5086907190739849,2024-10-07,30,上海,我不认识金城武是谁，于是百度了一下，确实和我有几分相像（虽然我更帅一点） http://t.cn/A6EW2R7u,G僧东,m,上海,"https://tvax2.sinaimg.cn/crop.0.0.1080.1080.180/493baa6cly8fzcyj77biwj20u00u0di1.jpg?KID=imgbed,tva&Expires=1728554141&ssig=JToG%2BrY43J"
5086907190739849,2024-10-07,758,浙江,你好 我是你的主治医师 回来记得继续电击治疗[doge],没有信的星期三,m,浙江 宁波,"https://tvax1.sinaimg.cn/crop.0.5.640.640.180/be1f606cly8fexnh21gz8j20hs0i274n.jpg?KID=imgbed,tva&Expires=1728554141&ssig=QUrcCPCAoj"
5086907190739849,2024-10-07,229,上海,图片评论 http://t.cn/A6EODTz2,piggywiggyismz,f,其他,"https://tvax1.sinaimg.cn/crop.0.0.960.960.180/7ed414f3ly8hugl9r2pzsj20qo0qo755.jpg?KID=imgbed,tva&Expires=1728554141&ssig=X2lo32Xn4q"
5086907190739849,2024-10-07,59,上海,再玩抽象 我就取关了…[融化],7小蕊_MISSCHERRY真的很花心,f,上海,"https://tvax3.sinaimg.cn/crop.0.0.1080.1080.180/41777707ly8htj3181np4j20u00u0ad6.jpg?KID=imgbed,tva&Expires=1728554141&ssig=c%2BzTNyg261"
5086907190739849,2024-10-07,22,上海,G城武哈哈哈哈哈哈哈,-东酱-,m,上海,"https://tvax2.sinaimg.cn/crop.0.0.512.512.180/85feaeb3ly8hrtwhsnenjj20e80e8dgf.jpg?KID=imgbed,tva&Expires=1728554141&ssig=eU8arZ5g7t"
5086907190739849,2024-10-07,26,德国,宛平南路600号等你,benignnnnn,f,上海,"https://tva2.sinaimg.cn/crop.0.0.750.750.180/9376a7c1jw8eucs609xw3j20ku0kvq4i.jpg?KID=imgbed,tva&Expires=1728554141&ssig=AGKf6QgCWA"
5086907190739849,2024-10-07,19,上海,这种症状多久了[doge],real叶松林dj_anrryQ06Malcol,m,其他,"https://tvax4.sinaimg.cn/crop.0.0.100.100.180/006NDWL5ly8h8bjqqqdw5j302s02sgle.jpg?KID=imgbed,tva&Expires=1728554141&ssig=vySX0bGwdz"
5086907190739849,2024-10-07,18,江苏,那可以确定了 肯定不是说你[阴险],对魔忍勇者哆啦逼梦,m,海外,"https://tvax4.sinaimg.cn/crop.0.0.1023.1023.180/0083ExGCly8hkl1lm1duvj30sf0sfdhn.jpg?KID=imgbed,tva&Expires=1728554141&ssig=m6Erly7oSo"
5086907190739849,2024-10-07,12,日本,0人在意,樋渡涼花,m,其他,"https://tvax4.sinaimg.cn/crop.0.0.1080.1080.180/0068L50Hly8hqfxdjrhpaj30u00u0q4t.jpg?KID=imgbed,tva&Expires=1728554141&ssig=ssA7%2Fiv7Bn"
5086907190739849,2024-10-07,11,江苏,赶紧回来宛平南路600号 床位已留好,阿摆不累,f,上海,"https://tvax3.sinaimg.cn/crop.0.0.1080.1080.180/005ParkNly8hry64y8f94j30u00u0dlb.jpg?KID=imgbed,tva&Expires=1728554141&ssig=het%2Fa1Z0uw"
5086907190739849,2024-10-07,5,上海,🍌吃太多的话可能也会产生幻觉[doge],shbarbiegirl,f,上海,"https://tvax3.sinaimg.cn/crop.0.0.861.861.180/3beef048ly8gyv0mt4z4fj20nx0nxgod.jpg?KID=imgbed,tva&Expires=1728554141&ssig=py%2B8Lb1QbG"
5086907190739849,2024-10-07,4,日本,打浦桥•武,vivi想去旅行,f,上海,"https://tva2.sinaimg.cn/crop.0.0.512.512.180/53933f42jw8e92ivtu8lhj20e80e8753.jpg?KID=imgbed,tva&Expires=1728554141&ssig=CwQ3bojmlm"
5086907190739849,2024-10-07,0,浙江,难道是在说你长得像金城武[挖鼻],城市CITY,f,其他,"https://tvax3.sinaimg.cn/crop.0.0.813.813.180/5d5c6f5bly8htvtxzidx2j20ml0mlwfz.jpg?KID=imgbed,tva&Expires=1728554141&ssig=cuV%2B7peRAP"
5086907190739849,2024-10-07,3,上海,宛平南路600号侬是不是老长辰光没去复诊了？,暮行三千里,f,上海 黄浦区,"https://tvax3.sinaimg.cn/crop.0.0.512.512.180/008qYTQuly8hev7hko6ktj30e80e8js4.jpg?KID=imgbed,tva&Expires=1728554141&ssig=FkOdVO5L5X"
5086907190739849,2024-10-07,2,上海,东东啊，是伐是明朝侬好解套了，开始西格格了喽[偷乐],ETF小虎崽,m,上海 徐汇区,"https://tvax2.sinaimg.cn/crop.0.0.1007.1007.180/8d91766cly8hjqyg1mi9vj20rz0rzjun.jpg?KID=imgbed,tva&Expires=1728554141&ssig=aPEeQ4fKn9"
5086907190739849,2024-10-07,1,上海,@闪光爆爆派大星 想起我们21年还讨论过这个话题哈哈哈哈哈哈 http://t.cn/A6EW2x1n,逃学威妮,f,上海 浦东新区,"https://tvax3.sinaimg.cn/crop.0.0.512.512.180/69573251ly8henpdwdsqaj20e80e8aa3.jpg?KID=imgbed,tva&Expires=1728554141&ssig=gZauZEIiYV"
5086907190739849,2024-10-07,2,上海,he tui[吃瓜][吃瓜],Daniels-Hu,m,上海 长宁区,"https://tva1.sinaimg.cn/crop.0.0.180.180.180/6ce16efejw1e8qgp5bmzyj2050050aa8.jpg?KID=imgbed,tva&Expires=1728554141&ssig=6axXeKzzGX"
5086907190739849,2024-10-08,1,山东,举报了，虚假信息[doge],Bernardo_Silva,m,山东 济南,"https://tvax1.sinaimg.cn/crop.0.0.1080.1080.180/613abe2cly8g05wuaffutj20u00u0tdt.jpg?KID=imgbed,tva&Expires=1728554141&ssig=FQLuWujkIN"
5086907190739849,2024-10-08,1,上海,不是打浦桥王力宏吗？[doge],耐住寂寞胜利在前方,m,其他,"https://tvax2.sinaimg.cn/crop.0.0.400.400.180/007ojgDily8fwn12l50d1j30b40b40ty.jpg?KID=imgbed,tva&Expires=1728554141&ssig=7%2FDwKwi6sK"
5086907190739849,2024-10-07,1,浙江,现在挣钱这么难了,追地精的克鲁克山,f,其他,"https://tvax1.sinaimg.cn/crop.0.0.512.512.180/4aa06017ly8hrtac3901pj20e80e8t9q.jpg?KID=imgbed,tva&Expires=1728554141&ssig=lPbY2QXEjI"
5087283550622242,2024-10-08,4162,澳大利亚,@N1N1MOOD 要是我有男的一半的自信…,小狗说妄,f,上海,"https://tvax2.sinaimg.cn/crop.0.0.1080.1080.180/006X4WLCly8hh9jkbt79oj30u00u0dho.jpg?KID=imgbed,tva&Expires=1728554145&ssig=cs6%2BYEAbgs"
5087283550622242,2024-10-08,2732,澳大利亚,你们男的…,可口百事不如沙示,f,广东,"https://tvax2.sinaimg.cn/crop.0.0.996.996.180/8676588ely8gxbhqi1s7lj20ro0rodgv.jpg?KID=imgbed,tva&Expires=1728554145&ssig=AOguCSJtlz"
5087283550622242,2024-10-09,1094,湖北,当我老公说出我第一次见面被他外貌打动的时候，你知道我的嘴巴张得有多大吗？[跪了]我当时都震惊了以为他在开玩笑，他看了我的表情后也沉默了很久。[允悲],liushangyuan,f,湖北 武汉,"https://tvax1.sinaimg.cn/crop.0.0.996.996.180/d2dc42f7ly8gb70b24x3sj20ro0rotac.jpg?KID=imgbed,tva&Expires=1728554145&ssig=CuURKCuKC8"
5087283550622242,2024-10-08,1092,四川,有些事情想不通，照照镜子你就懂,Crystal_赢赢,f,四川,"https://tvax1.sinaimg.cn/crop.0.0.1080.1080.180/c7ebe8b0ly8hlm68mwsj0j20u00u1gnv.jpg?KID=imgbed,tva&Expires=1728554145&ssig=%2F%2FGefZT%2Bbh"
5087283550622242,2024-10-08,341,福建,@Luckycho1 我要是有男的万分之一自信,邱言欧气满满,f,其他,"https://tvax3.sinaimg.cn/crop.0.0.1080.1080.180/c86dcb30ly8hec1v7ecmxj20u00u00uj.jpg?KID=imgbed,tva&Expires=1728554145&ssig=11TdddOfgy"
5087283550622242,2024-10-09,250,浙江,去隆江都会被嫌腻而赶出来的长相就别在这里自信了[淡淡的],Rocxy404,f,浙江 杭州,"https://tvax2.sinaimg.cn/crop.0.0.1080.1080.180/e23e0e23ly8gf1ya09fvtj20u00u0tae.jpg?KID=imgbed,tva&Expires=1728554145&ssig=Gmpx1%2F82NU"
5087283550622242,2024-10-08,244,湖北,还有俄罗斯是说俄语的[汗][汗][汗],unik鸭鸭,f,其他,"https://tvax4.sinaimg.cn/crop.0.0.812.812.180/693646b7ly8gdfvtdkhpnj20mk0mkgml.jpg?KID=imgbed,tva&Expires=1728554145&ssig=DWhFDvcYy9"
5087283550622242,2024-10-09,207,重庆,杨笠的话含金量持续上升,妖塔里有妖怪,f,重庆 万州区,"https://tvax1.sinaimg.cn/crop.0.0.664.664.180/006lIEBMly8gdm45ql4ecj30ig0ig3zv.jpg?KID=imgbed,tva&Expires=1728554145&ssig=AODsKrBTxy"
5087283550622242,2024-10-08,141,云南,[泪]我也要这个自信,天才玻璃小狗,m,四川,"https://tvax4.sinaimg.cn/crop.0.0.1080.1080.180/0068zZsOly8htqmpg6ocvj30u00u0wie.jpg?KID=imgbed,tva&Expires=1728554145&ssig=ZJfSBdBQ%2BK"
5087283550622242,2024-10-09,105,浙江,如果他是认真的[傻眼]看来男生对自身的接受程度真的很高,阿银的绵羊号,f,海外,"https://tvax3.sinaimg.cn/crop.0.0.1071.1071.180/914ff88cly8htxzqwjafuj20tr0tr0vq.jpg?KID=imgbed,tva&Expires=1728554145&ssig=DS1H0Ipbud"
5087283550622242,2024-10-10,1,澳大利亚,小哥应该是岭南人，看久了也还可以[允悲],雪原小木屋第三个号,m,海外,"https://tvax1.sinaimg.cn/crop.0.0.554.554.180/008y8qvGly8hs990dyg4nj30fe0feglt.jpg?KID=imgbed,tva&Expires=1728554145&ssig=RXAws9rOB%2B"
5087283550622242,2024-10-09,17,广东,这难道不是不被定义独立的集帅吗，他的帅没有讨好谁[阴险],夹去乙间,m,广东 佛山,"https://tvax4.sinaimg.cn/crop.0.0.1080.1080.180/006HB4Rply8hggdootfhwj30u00u0wgt.jpg?KID=imgbed,tva&Expires=1728554145&ssig=8PbziK3dgu"
5087283550622242,2024-10-09,15,四川,评论第一条看的笑死了，太精辟了[哈哈][哈哈][哈哈],尛肥羊之歌JaneCheung,f,四川 成都,"https://tvax2.sinaimg.cn/crop.114.227.937.937.180/71674489ly8g2550jysbqj20u013ykjl.jpg?KID=imgbed,tva&Expires=1728554145&ssig=KwXbhCiFDv"
5087283550622242,2024-10-09,8,四川,我要是有这个自信。@金曜日颂曲 @_陈璟_,猝死人不偿命,m,其他,"https://tvax3.sinaimg.cn/crop.0.0.512.512.180/008t3sfMly8hu8ug11mu1j30e80e874m.jpg?KID=imgbed,tva&Expires=1728554145&ssig=bbu7Akh8KI"
5087283550622242,2024-10-08,6,广东,@软非 emmmmmm,babeovo_,f,重庆,"https://tvax4.sinaimg.cn/crop.0.0.1080.1080.180/006O7zQBly8htu0lenhb4j30u00u0ai7.jpg?KID=imgbed,tva&Expires=1728554145&ssig=QWzLQEMMYu"
5087283550622242,2024-10-09,25,广东,我擦  那么普通又那么自信，这句话的含金量真的太高了[开摆][开摆],齐小墨,f,广东 广州,"https://tvax3.sinaimg.cn/crop.0.0.960.960.180/0061Wp57ly8hoycg4wsmtj30qo0qotbf.jpg?KID=imgbed,tva&Expires=1728554145&ssig=TA9nCjwPlr"
5087283550622242,2024-10-09,12,广东,这种长相的人就应该换个百搭的发型而不是搞个引人注目的海马头,何小憩,f,广东 佛山,"https://tvax4.sinaimg.cn/crop.0.0.597.597.180/006UCdp1ly8h71ov3lpa5j30gl0glq36.jpg?KID=imgbed,tva&Expires=1728554145&ssig=rWUlWN2s1r"
5087283550622242,2024-10-09,2,山东,@给您拜年啦啦 笑死了真的是哈哈哈哈哈,Piqiuuuuu,f,其他,"https://tvax2.sinaimg.cn/crop.0.0.809.810.180/bf143b33ly1hmedt0f053j20mh0miac3.jpg?KID=imgbed,tva&Expires=1728554145&ssig=T493WQ7o%2Fp"
5087283550622242,2024-10-08,1,江苏,@JannieeKfufu,午夜悲伤小熊猫,f,辽宁 本溪,"https://tvax4.sinaimg.cn/crop.0.0.1080.1080.180/005KizGily8hshb2rb54lj30u00u0403.jpg?KID=imgbed,tva&Expires=1728554145&ssig=nfs2S9wUTi"
5087283550622242,2024-10-10,3,湖北,@夢裡能見到鯨魚嗎 我要是有男的一半..自信,水宫梦久,f,其他,"https://tvax4.sinaimg.cn/crop.0.0.512.512.180/0083Pf8Lly8hswkd819djj30e80e8dgo.jpg?KID=imgbed,tva&Expires=1728554145&ssig=eFjg5jwqh%2B"
5087200590958134,2024-10-10,2,河北,@墨飞MOFEI [鲜花][鲜花],雷总的小尾巴,m,河北,"https://tvax1.sinaimg.cn/crop.0.0.1023.1023.180/dab02223ly8hrwvb4fv2vj20sg0sfjvc.jpg?KID=imgbed,tva&Expires=1728554148&ssig=A4N0fkSSaH"
5087200590958134,2024-10-08,4,湖北,搭配宣传人车家那个交响曲就不错[doge],-是小K呀,m,湖北 武汉,"https://tvax4.sinaimg.cn/crop.0.0.1052.1052.180/008fUA4dly8hty3ootsjqj30t80t8ta5.jpg?KID=imgbed,tva&Expires=1728554148&ssig=2BHPjgT33n"
5087200590958134,2024-10-08,1,重庆,你小子这么快[doge],小彭敲可爱,m,其他,"https://tvax2.sinaimg.cn/crop.0.0.928.928.180/0089ou9aly8h60yhpffj9j30ps0psdhz.jpg?KID=imgbed,tva&Expires=1728554148&ssig=Bvoht4qVRw"
5087200590958134,2024-10-08,0,江苏,[doge][doge][doge],番茄炒蛋洋柿子,m,江苏 南京,"https://tvax1.sinaimg.cn/crop.0.0.946.946.180/008w3YZqly8h8clc5bep0j30qa0qamy9.jpg?KID=imgbed,tva&Expires=1728554148&ssig=TlY%2BE4Jbxb"
5087200590958134,2024-10-10,0,辽宁,在这个白华主题出来之前，我就用好久了,车况情报局,f,其他,"https://tvax4.sinaimg.cn/crop.0.0.710.710.180/008w8ihhly8himgbcrdjlj30jq0jqjsi.jpg?KID=imgbed,tva&Expires=1728554148&ssig=6%2FuuxaqnPF"
5087200590958134,2024-10-08,0,江苏,一分二那块不好看，直接快进到后面感觉强点,aaaaa某某_,m,江苏 泰州,"https://tvax2.sinaimg.cn/crop.0.0.664.664.180/77231c98ly8fow8dvcadwj20ig0igt9t.jpg?KID=imgbed,tva&Expires=1728554148&ssig=uORRsV9GKN"
5087200590958134,2024-10-08,0,四川,我都用了好久了[二哈],o0云淡天高0o,m,江苏 南京,"https://tvax3.sinaimg.cn/crop.0.0.1242.1242.180/6421d36fly8fin2z1dlukj20yi0yi772.jpg?KID=imgbed,tva&Expires=1728554148&ssig=5%2BGGnkvTjY"
5087200590958134,2024-10-08,0,河北,米的呢生硬的logo[允悲],小米粥儿-韩,m,河北 石家庄,"https://tvax3.sinaimg.cn/crop.0.0.1080.1080.180/008j3FJvly8hsqnkbzg0tj30u00u0dj3.jpg?KID=imgbed,tva&Expires=1728554148&ssig=2XBovHl4nQ"
5087200590958134,2024-10-08,0,北京,贫僧观之，此开机动画确甚雅观。,出家人乃唐僧,m,其他,"https://tvax3.sinaimg.cn/crop.0.0.512.512.180/008CmazHly8hlvokhcf5ij30e80e8t9r.jpg?KID=imgbed,tva&Expires=1728554148&ssig=sD1Swgiyz7"
5087200590958134,2024-10-10,0,湖北,白华，一直用的这个,我布知道_,m,湖北 武汉,"https://tvax4.sinaimg.cn/crop.0.0.1080.1080.180/008BgPOHly8hj7ciybm2vj30u00u0n0p.jpg?KID=imgbed,tva&Expires=1728554148&ssig=5IkQ5ksb0U"
5087200590958134,2024-10-09,0,湖北,这是找不到什么可吹的了吗？,幸存者6号,m,上海 闸北区,"https://tvax4.sinaimg.cn/crop.0.0.1080.1080.180/9719d7d7ly8h6uph860mtj20u00u041z.jpg?KID=imgbed,tva&Expires=1728554148&ssig=zbQPEWV%2BOg"
5087200590958134,2024-10-09,0,天津,半年不定准重启二三回[笑cry],韬tao_17104,m,天津 和平区,"https://tvax4.sinaimg.cn/crop.0.0.1080.1080.180/005TOaV8ly8hkl6owx9zij30u00u0dje.jpg?KID=imgbed,tva&Expires=1728554148&ssig=TCEQ3EBYdZ"
5087200590958134,2024-10-09,0,广东,[比耶],摩羯座小神,m,广东 深圳,"https://tva1.sinaimg.cn/crop.0.0.100.100.180/006cxLJWjw8evasmmcdw7j302s02sdfn.jpg?KID=imgbed,tva&Expires=1728554148&ssig=SY41BZCPxm"
5087200590958134,2024-10-08,0,浙江,[舔屏]这不就是我用的开机动画,呓呓1987,m,浙江 杭州,"https://tva1.sinaimg.cn/crop.39.0.948.948.180/0065IVe3jw8erj8z7e5twj30sg0qcwhk.jpg?KID=imgbed,tva&Expires=1728554148&ssig=i4tv21O68a"
5087200590958134,2024-10-08,0,内蒙古,@MIUI小凡,一半如生,m,内蒙古 兴安盟,"https://tvax3.sinaimg.cn/crop.0.0.1002.1002.180/005XrBAjly8gc0vzp3rlxj30ru0ru0x9.jpg?KID=imgbed,tva&Expires=1728554148&ssig=Udm16xIbEj"
5087696454162818,2024-10-10,4,浙江,哈哈哈哈哈哈 伤害不大 侮辱极强[喵喵],_冰糖小番茄_,f,浙江,"https://tvax3.sinaimg.cn/crop.0.0.1080.1080.180/0060vHI6ly8hs7dw580jsj30u00u041f.jpg?KID=imgbed,tva&Expires=1728554162&ssig=EAcA2MZQdl"
5087696454162818,2024-10-10,0,天津,[喵喵]哈哈哈哈哈,每天喜欢晴天_,f,天津,"https://tvax1.sinaimg.cn/crop.0.0.690.690.180/402dafa7ly8hr0e5l0gntj20j60j6401.jpg?KID=imgbed,tva&Expires=1728554162&ssig=gqzyd972az"
5087696454162818,2024-10-10,0,宁夏,[允悲][允悲][允悲][允悲][允悲],九怂怂吖,f,北京 昌平区,"https://tvax2.sinaimg.cn/crop.0.0.1080.1080.180/007DEGyaly8hhetmi8z3ej30u00u0goo.jpg?KID=imgbed,tva&Expires=1728554162&ssig=YHjNLEY1WV"
5087696454162818,2024-10-10,0,北京,骂的太脏了,黎唯恋潇,f,其他,"https://tvax2.sinaimg.cn/crop.0.0.750.750.180/008aEPrily8ht7x4tx6cfj30ku0ku757.jpg?KID=imgbed,tva&Expires=1728554162&ssig=WsA5nrZ6HI"
5087696454162818,2024-10-10,0,北京,哈哈哈哈哈哈,黎唯恋潇,f,其他,"https://tvax2.sinaimg.cn/crop.0.0.750.750.180/008aEPrily8ht7x4tx6cfj30ku0ku757.jpg?KID=imgbed,tva&Expires=1728554162&ssig=WsA5nrZ6HI"
5087696454162818,2024-10-09,0,上海,骂的真脏[doge],椰子超耶,f,上海,"https://tvax2.sinaimg.cn/crop.0.0.1078.1078.180/006o5qGely8hue3040gl3j30ty0ty0v5.jpg?KID=imgbed,tva&Expires=1728554162&ssig=VOnEfioN9F"
5087696454162818,2024-10-09,0,重庆,哎哟我要笑死了哈哈哈哈哈哈哈哈哈哈 http://t.cn/A6ETKdwU,B2_b2_,f,重庆,"https://tvax3.sinaimg.cn/crop.0.0.512.512.180/007Tegywly8hu3wnabo8nj30e80e8mx9.jpg?KID=imgbed,tva&Expires=1728554162&ssig=5ySGqYpuqf"
5087696454162818,2024-10-09,0,广东,为什么不给我小猫崽子儿点赞[左哼哼][右哼哼],再让我睡一分钟-_-,f,其他,"https://tvax3.sinaimg.cn/crop.0.0.1080.1080.180/c2901c13ly8hniuqp7ueij20u00u0jte.jpg?KID=imgbed,tva&Expires=1728554162&ssig=xi9uLNnTWl"
5087696454162818,2024-10-09,0,黑龙江,哈哈哈哈哈哈哈哈哈哈哈哈哈,咻咻咻呀哈,f,其他,"https://tvax4.sinaimg.cn/crop.0.0.1064.1064.180/0085d2cbly8ht8nqu3103j30tk0tkq51.jpg?KID=imgbed,tva&Expires=1728554162&ssig=7sn47U5d6C"
5087696454162818,2024-10-10,0,福建,哈哈哈哈哈哈哈哈哈哈哈哈哈哈哈哈哈哈哈哈哈哈哈哈哈哈哈哈哈哈哈第一次见男大,虞美人926,f,其他,"https://tvax2.sinaimg.cn/crop.0.0.1080.1080.180/007SjdN5ly8hosze51rfej30u00u079k.jpg?KID=imgbed,tva&Expires=1728554162&ssig=5ureFWZq49"
5087696454162818,2024-10-10,0,湖北,哈哈哈哈哈哈哈哈,瑶瑶没蛀牙,f,其他,"https://tvax4.sinaimg.cn/crop.0.0.653.653.180/005yRa8Xly8h523hyd00kj30i50i5t97.jpg?KID=imgbed,tva&Expires=1728554162&ssig=X%2BcebB1xJD"
5087696454162818,2024-10-10,0,云南,哈哈哈哈哈哈哈哈,AAA小菜鸡永久独有商g,f,山西,"https://tvax4.sinaimg.cn/crop.0.0.459.459.180/007uxcTDly8hscwq95rj9j30cr0crwf4.jpg?KID=imgbed,tva&Expires=1728554162&ssig=7UhF2mHfn4"
5087696454162818,2024-10-10,0,云南,哈哈哈哈哈哈哈哈,澳拜,f,其他,"https://tvax3.sinaimg.cn/crop.0.0.512.512.180/006HYIXPly8hom4ezdgjbj30e80e8mxp.jpg?KID=imgbed,tva&Expires=1728554162&ssig=CDV%2F2uzZvv"
5087696454162818,2024-10-09,0,湖北,笑了,花有时再开,f,湖北,"https://tvax4.sinaimg.cn/crop.0.0.1080.1080.180/008ghIhsly8hrtqjka7tyj30u00u0n01.jpg?KID=imgbed,tva&Expires=1728554162&ssig=cqCu6CGCG1"
5087696454162818,2024-10-09,0,广西,哈哈哈哈哈哈哈哈哈哈哈哈哈哈哈哈哈哈,ANNAUYIEW·,f,海外,"https://tvax4.sinaimg.cn/crop.0.0.1080.1080.180/005QtUBEly8ho3g8j6ljzj30u00u0775.jpg?KID=imgbed,tva&Expires=1728554162&ssig=WRhHZkCTCw"
5087696454162818,2024-10-09,0,广东,哈哈哈哈哈 这是我十月看到最搞笑的东西了哈哈哈哈哈,J-qian5555,f,其他,"https://tvax1.sinaimg.cn/crop.0.0.664.664.180/0077VbeJly8g2gabaakczj30ig0iggmf.jpg?KID=imgbed,tva&Expires=1728554162&ssig=fmQRRMtuQS"
5087696454162818,2024-10-09,0,重庆,哈哈哈哈哈哈哈哈哈哈哈哈,芝士蛋烘糕yyy,f,山东 泰安,"https://tvax4.sinaimg.cn/crop.0.0.1080.1080.180/008ptj99ly8hqh47u0tynj30u00u0di2.jpg?KID=imgbed,tva&Expires=1728554162&ssig=wfS0SDmzTi"
5087696454162818,2024-10-09,0,上海,好一个男大,陈野鱼-,f,福建 宁德,"https://tvax4.sinaimg.cn/crop.0.0.1004.1004.180/7efd6c30ly8htu0eqe5eaj20rw0rwgnz.jpg?KID=imgbed,tva&Expires=1728554162&ssig=1L1TKNhAvW"
5087696454162818,2024-10-09,0,广东,哈哈哈哈哈哈哈！！哈哈哈哈哈哈哈哈哈哈哈！！！,搞咩啊二五仔,f,广东 深圳,"https://tvax1.sinaimg.cn/crop.0.0.512.512.180/005tR1yKly8hqrb03ndu5j30e80e8dg3.jpg?KID=imgbed,tva&Expires=1728554162&ssig=OkByDC8wZ3"
5087696454162818,2024-10-09,0,湖北,笑晕哈哈哈哈哈哈哈,芋泥-蛋挞,f,其他,"https://tvax2.sinaimg.cn/crop.0.0.512.512.180/0088LNDoly8hs8s5443wlj30e80e8gm4.jpg?KID=imgbed,tva&Expires=1728554162&ssig=pW0brkZq61"
5083531274879600,2024-09-28,40,江苏,我要把自己p上去,风暴酸梅汤,f,江苏 南京,"https://tvax1.sinaimg.cn/crop.0.0.406.406.180/0089Ryl0ly8hhcgham3njj30ba0ba0t6.jpg?KID=imgbed,tva&Expires=1728554165&ssig=fsajQXQ4Oe"
5083531274879600,2024-09-28,3,河南,为啥是PS5啊[允悲],佛立誓,m,北京,"https://tvax3.sinaimg.cn/crop.0.0.960.960.180/006L6z47ly8hs4qq0f8lrj30qo0qodfw.jpg?KID=imgbed,tva&Expires=1728554165&ssig=me5DddXV%2BO"
5083531274879600,2024-09-28,2,山西,这个…好不厚道啊[并不简单],风若流颜,m,山西 太原,"https://tvax4.sinaimg.cn/crop.0.0.1080.1080.180/55e94a17ly8hnw5wro9ouj20u00u0acv.jpg?KID=imgbed,tva&Expires=1728554165&ssig=5SxyV8K09F"
5083531274879600,2024-10-04,1,广西,这广告牌是索尼赞助的？？[doge][doge][doge],真涂涂无双01,m,广西,"https://tvax4.sinaimg.cn/crop.0.0.640.640.180/9833484bly8have75suklj20hs0hs75e.jpg?KID=imgbed,tva&Expires=1728554165&ssig=njywTg1JR%2B"
5083531274879600,2024-10-04,1,四川,为啥还有PS5，这是索尼做的广告牌吗？[doge],m2ts,m,四川 宜宾,"https://tva2.sinaimg.cn/crop.0.0.180.180.180/694ad32bjw1e8qgp5bmzyj2050050aa8.jpg?KID=imgbed,tva&Expires=1728554165&ssig=SCktVpY0ej"
5083531274879600,2024-09-29,2,山西,哈哈，这是我老家，浑源县,Tracy盛夏,m,海外,"https://tvax4.sinaimg.cn/crop.0.0.1080.1080.180/005K0kzaly8gtsdl7n5hrj30u00u0tay.jpg?KID=imgbed,tva&Expires=1728554165&ssig=rTybtnkOR8"
5083531274879600,2024-10-02,0,山西,哈哈哈，欢迎来我们山西旅游,Bab羽墨,f,其他,"https://tvax2.sinaimg.cn/crop.0.0.1024.1024.180/008BdvNHly8hq25mbxtl0j30sg0sg77p.jpg?KID=imgbed,tva&Expires=1728554165&ssig=w1TUorOlQn"
5083531274879600,2024-09-28,2,辽宁,你朋友有没有拿到山西文旅派发的那个通关文牒,雪大宝000000,f,其他,"https://tvax2.sinaimg.cn/crop.0.0.1080.1080.180/006RCqPfly8gxmvjczttzj30u00u0gpw.jpg?KID=imgbed,tva&Expires=1728554165&ssig=F7ymoWhvdY"
5083531274879600,2024-09-28,0,湖北,反向p图可还行，人家是p上去，你是掉,十七馆长,m,湖北 十堰,"https://tva3.sinaimg.cn/crop.0.0.180.180.180/b775f817jw1e8qgp5bmzyj2050050aa8.jpg?KID=imgbed,tva&Expires=1728554165&ssig=fzQzynBHG2"
5083531274879600,2024-10-01,0,浙江,很厉害呀，看不出来那个人是在哪里呢,杭州弄堂小赤佬,m,浙江,"https://tvax2.sinaimg.cn/crop.0.0.1080.1080.180/007Xu2ylly8hnkqr7pgkuj30u00u0jsu.jpg?KID=imgbed,tva&Expires=1728554165&ssig=en6LNHmgfW"
5083531274879600,2024-09-28,0,北京,欢迎参与微博官方旅行活动，旅行内容添加#微博旅行家#话题词，有机会获得曝光资源、红包惊喜及出行机会！了解更多戳>> http://t.cn/A6HVQi2d,微博旅行家,m,北京,"https://tvax4.sinaimg.cn/crop.0.0.600.600.180/006zvUqYly8hp10nqjiq6j30go0go0ue.jpg?KID=imgbed,tva&Expires=1728554165&ssig=WEZix8x062"
5083531274879600,2024-10-03,1,山东,我建议景区把合影板放在不碍事的地方，放在这影响直接拍古建筑,Abel-Wdy,m,山东,"https://tvax2.sinaimg.cn/crop.0.0.1080.1080.180/781c6881ly8h4kcco370uj20u00u0tha.jpg?KID=imgbed,tva&Expires=1728554165&ssig=OGYIM%2FRMSC"
5083531274879600,2024-09-29,3,安徽,@爱画画的真小希,薛定谔的边牧猫,m,山东,"https://tvax2.sinaimg.cn/crop.0.0.1080.1080.180/007TPFSEly8hd2fds03h2j30u00u0dhj.jpg?KID=imgbed,tva&Expires=1728554165&ssig=8MFF66U%2BgD"
5083531274879600,2024-10-01,0,上海,明智选择[嘻嘻],莫莫的啊,m,上海 徐汇区,"https://tva1.sinaimg.cn/crop.0.0.180.180.180/55272c9fjw1e8qgp5bmzyj2050050aa8.jpg?KID=imgbed,tva&Expires=1728554165&ssig=QPkm3BpAs1"
5083531274879600,2024-10-01,0,天津,浑源,RosmarinusVerbenone,f,海外 其他,"https://tvax2.sinaimg.cn/crop.0.0.640.640.180/792f1d2dly8gekf10fcrjj20hs0hs755.jpg?KID=imgbed,tva&Expires=1728554165&ssig=GftTfW9WHR"
5083531274879600,2024-09-30,0,辽宁,[允悲]这美颜开的,阿卡林型吹雪,m,辽宁 大连,"https://tva4.sinaimg.cn/crop.11.0.617.617.180/8507ae27jw8f49t2q0paoj20hs0h5dgh.jpg?KID=imgbed,tva&Expires=1728554165&ssig=1lgpF6EJy5"
5083531274879600,2024-09-29,1,山西,图片评论 http://t.cn/A6EIBWEm,应该没有如果,f,北京 东城区,"https://tvax4.sinaimg.cn/crop.0.0.1080.1080.180/a334d7dfly8htbnic46ffj20u00u0taa.jpg?KID=imgbed,tva&Expires=1728554165&ssig=wCS%2F%2F9duEK"
5083531274879600,2024-09-29,0,上海,已经去打过卡了[笑cry],一個YY五毛錢,f,上海 浦东新区,"https://tvax3.sinaimg.cn/crop.0.0.1080.1080.180/670f61ebly8gfk4vw8lycj20u00u0tdp.jpg?KID=imgbed,tva&Expires=1728554165&ssig=UYDyBOHfg8"
5083531274879600,2024-09-28,0,北京,这些个框子破坏了景观的美感,看见龙在天,m,北京 海淀区,"https://tvax3.sinaimg.cn/crop.0.0.512.512.180/8330ed61ly8h6b4himhx0j20e80e8aac.jpg?KID=imgbed,tva&Expires=1728554165&ssig=IH1gTc6mF0"
5083531274879600,2024-09-28,0,山西,欢迎来山西玩[送花花],你若花开我就来,f,江西,"https://tvax4.sinaimg.cn/crop.0.0.801.801.180/008rUOZDly8hcs0ffyebnj30m90m9q3g.jpg?KID=imgbed,tva&Expires=1728554165&ssig=XLX%2BUDbdoc"
5086434913162929,2024-10-06,68,河北,双休上五休二，单休上十二休二,李济棠,m,其他,"https://tvax2.sinaimg.cn/crop.0.0.750.750.180/007b9Vjkly8hi81oxifp9j30ku0ku75e.jpg?KID=imgbed,tva&Expires=1728554169&ssig=v2OzQGdKCj"
5086434913162929,2024-10-06,7,宁夏,我一周半天[苦涩],老虎不发威就是仓鼠,f,宁夏,"https://tvax1.sinaimg.cn/crop.0.0.1080.1080.180/007Wtqotly8hsxua6sim5j30u00u0di1.jpg?KID=imgbed,tva&Expires=1728554169&ssig=Z8M9uxs79U"
5086434913162929,2024-10-06,1,河北,[裂开]俺都木有,喜乐喜美食,f,河北 保定,"https://tvax2.sinaimg.cn/crop.0.0.1078.1078.180/006AqrXBly8hdj6lqbdowj30ty0tymzs.jpg?KID=imgbed,tva&Expires=1728554169&ssig=v0SEMiBs4M"
5086434913162929,2024-10-10,3,上海,应该这么说，做六休一的公司节假日放假大概率也会打折少休,孤单的人不会跟别人说寂寞,m,上海,"https://tva4.sinaimg.cn/crop.0.0.639.639.180/005OtvI0jw8eqolz04kwuj30hs0hrjsj.jpg?KID=imgbed,tva&Expires=1728554169&ssig=QMo2VS7oHt"
5086434913162929,2024-10-07,3,河南,这样好像差距就显而易见了[泪][泪],阿張不设象牙塔,f,河南 安阳,"https://tvax3.sinaimg.cn/crop.0.0.512.512.180/006XG8J9ly8hnzgxrnu8oj30e80e8dgb.jpg?KID=imgbed,tva&Expires=1728554169&ssig=brF8hJKbGg"
5086434913162929,2024-10-06,0,福建,[苦涩],点赞看厄加特洗澡,m,福建 莆田,"https://tvax3.sinaimg.cn/crop.0.15.750.750.180/6e3acea7ly8fiztyl16anj20ku0lp0th.jpg?KID=imgbed,tva&Expires=1728554169&ssig=Hd1QIYXCaL"
5086434913162929,2024-10-06,0,河南,@17-花花 啊？？？？啊？？？,瓢瓢要发财喽,f,其他,"https://tvax2.sinaimg.cn/crop.0.0.996.996.180/006n0WBcly8gchqmtudsnj30ro0rodhk.jpg?KID=imgbed,tva&Expires=1728554169&ssig=BqMQBbmIZC"
5086434913162929,2024-10-06,1,河南,压死我的最后一根稻草,亲一口猪猪妹宝,f,河南,"https://tvax4.sinaimg.cn/crop.0.0.1080.1080.180/006vnpikly8hs1rzwlxk0j30u00u0adg.jpg?KID=imgbed,tva&Expires=1728554169&ssig=fTwX30qcmg"
5086434913162929,2024-10-09,1,河南,有没有老板来回应下，让员工生无可恋的多上一天班带给你们的是什么,浪漫主义的现实委身者,f,河南 郑州,"https://tvax1.sinaimg.cn/crop.0.14.1242.1242.180/8e6b71ffly8ff4jnukao0j20yi0zatde.jpg?KID=imgbed,tva&Expires=1728554169&ssig=AnfA%2Fnu%2FRi"
5086434913162929,2024-10-09,0,山东,[笑cry],你比新年还快乐,f,广东 深圳,"https://tvax3.sinaimg.cn/crop.0.0.1080.1080.180/dce559d6ly8hokzohdrj9j20u00u0mz4.jpg?KID=imgbed,tva&Expires=1728554169&ssig=jqykchfEiA"
5086434913162929,2024-10-08,0,内蒙古,[笑cry],心随我动baby1990,f,内蒙古,"https://tvax1.sinaimg.cn/crop.0.0.768.768.180/006Sw6DBly8hq8ha9t512j30lc0lcwhf.jpg?KID=imgbed,tva&Expires=1728554169&ssig=uP4dUfEgub"
5086434913162929,2024-10-08,0,广西,这里是[挖鼻],我也没记起-,m,其他,"https://tvax3.sinaimg.cn/crop.0.0.512.512.180/008qHcOuly8hlb109qlbjj30e80e8dgb.jpg?KID=imgbed,tva&Expires=1728554169&ssig=gNEy%2B7M96G"
5086434913162929,2024-10-10,0,广东,我之前一个月才休息三天 现在上五休二还是双休舒服,cwwww宛,f,湖南 常德,"https://tvax2.sinaimg.cn/crop.0.0.1080.1080.180/008BOD7wly8huh4l8amjhj30u00u0mze.jpg?KID=imgbed,tva&Expires=1728554169&ssig=ZGKv6p91JU"
5086434913162929,2024-10-08,1,湖北,单休是上六天班睡个觉继续上六天,我只是发表一下我的观点,m,海南 海口,"https://tvax1.sinaimg.cn/default/images/default_avatar_male_180.gif?KID=imgbed,tva&Expires=1728554169&ssig=aJgBz60kXk"
5086434913162929,2024-10-06,0,青海,差距好明显,人类抵抗三体组织成员,m,其他,"https://tvax4.sinaimg.cn/crop.0.0.995.995.180/008G5fn1ly8hugghj5wa0j30rn0rn3zj.jpg?KID=imgbed,tva&Expires=1728554169&ssig=uRJMLuQ7XW"
5087335106743773,2024-10-08,33,江苏,怎么不把李昀锐理想的滑跪截出来 有对比才有伤害哈哈哈哈哈哈哈哈哈哈哈哈哈哈[允悲],GE_Cherry,f,江苏,"https://tvax1.sinaimg.cn/crop.0.0.1080.1080.180/6d234d37ly8hueqrkywoxj20u00u0q67.jpg?KID=imgbed,tva&Expires=1728554182&ssig=K6g7ymejJE"
5087335106743773,2024-10-08,13,安徽,哈哈哈哈哈,小橘猫嗷呜,f,其他,"https://tvax3.sinaimg.cn/crop.0.0.1025.1025.180/0083sovsly8h607jmav8bj30sh0shacj.jpg?KID=imgbed,tva&Expires=1728554182&ssig=2gjTpiZ8ot"
5087335106743773,2024-10-08,11,河南,哈哈哈哈哈哈,小白瓜和平,m,其他,"https://tvax1.sinaimg.cn/crop.0.0.844.844.180/0067HCmgly8hh71ymzhdpj30ng0ng40j.jpg?KID=imgbed,tva&Expires=1728554182&ssig=AtOlZ5JeoW"
5087335106743773,2024-10-08,8,江西,哈哈哈哈哈哈哈,爱吃麻辣不加葱,f,甘肃 天水,"https://tvax2.sinaimg.cn/crop.0.0.512.512.180/006IRFiTly8hn6tax12rgj30e80e8t9i.jpg?KID=imgbed,tva&Expires=1728554182&ssig=QuP8Pego1J"
5087335106743773,2024-10-08,6,河南,哈哈哈,小妞美滋滋咔咔,f,河南 濮阳,"https://tvax1.sinaimg.cn/crop.0.0.1080.1080.180/006Yj2F0ly8hitqn7zj51j30u00u0jsv.jpg?KID=imgbed,tva&Expires=1728554182&ssig=zABRpX3Iju"
5087335106743773,2024-10-09,1,广东,回来又跪了一次，还是没跪明白[doge],一只老锦鲤Lee,f,广东,"https://tvax4.sinaimg.cn/crop.0.0.956.956.180/96f35bf8ly8hrlqllvwi4j20qk0qkwhb.jpg?KID=imgbed,tva&Expires=1728554182&ssig=ICZDhW%2Fq1g"
5087335106743773,2024-10-08,1,浙江,哈哈哈哈笑鼠我了,喜欢喝阔乐得女孩纸,f,浙江,"https://tvax2.sinaimg.cn/crop.0.0.392.392.180/008a9LMtly8hq9vke77d5j30aw0aw3yo.jpg?KID=imgbed,tva&Expires=1728554182&ssig=XqvIqm%2Bczu"
5087335106743773,2024-10-08,1,广东,哈哈哈哈哈😃,菘_蓝_,m,北京,"https://tvax4.sinaimg.cn/crop.0.0.1080.1080.180/0084135Tly8hhevutan0tj30u00u042j.jpg?KID=imgbed,tva&Expires=1728554182&ssig=lOPWT8Vv96"
5087335106743773,2024-10-08,1,江苏,哈哈哈哈哈哈哈[允悲],春竹财渡我ID,m,江苏,"https://tvax4.sinaimg.cn/crop.0.0.1080.1080.180/005YYzwuly8hl7d4eux93j30u00u0t8q.jpg?KID=imgbed,tva&Expires=1728554182&ssig=0uGKqBI86h"
5087335106743773,2024-10-09,0,山东,可千万不能@小林是李昀锐 [doge]，再次重申一遍，不要@小林是李昀锐 [doge][doge][doge],深山小D_见过小林一次版,f,北京,"https://tvax4.sinaimg.cn/crop.0.0.810.810.180/006Rktsely1htwvbjuj2wj30mi0miq4g.jpg?KID=imgbed,tva&Expires=1728554182&ssig=WmgqggyhTW"
5087335106743773,2024-10-08,0,江西,被小林笑吐了哈哈哈哈哈哈哈哈哈哈哈哈,滴哩哩哩哩啦啦巴巴,m,其他,"https://tvax2.sinaimg.cn/crop.0.0.1080.1080.180/008sxjq1ly8hks7q1krlaj30u00u0jxp.jpg?KID=imgbed,tva&Expires=1728554182&ssig=Kyff8p7mc%2B"
5087335106743773,2024-10-08,0,广东,哈哈哈哈大半夜在被窝笑出声,张L_b,m,广东 汕头,"https://tva4.sinaimg.cn/crop.0.0.664.664.180/005IfR5ujw8ezbzev2bn5j30ig0igjsy.jpg?KID=imgbed,tva&Expires=1728554182&ssig=rDSY4N9RuJ"
5087335106743773,2024-10-08,0,广东,哈哈哈哈哈哈哈,海水变蓝日记簿,m,广东 广州,"https://tvax1.sinaimg.cn/crop.0.0.1080.1080.180/006or631ly8hhevtrdcvxj30u00u0jv6.jpg?KID=imgbed,tva&Expires=1728554182&ssig=yjgWVA8hg6"
5087335106743773,2024-10-08,0,广东,哈哈哈哈哈哈哈没事的，也就是互联网上人人都知道罢了[doge],就想哈哈哈哈哈哈哈,f,广东 汕尾,"https://tvax3.sinaimg.cn/crop.0.0.736.736.180/868be832ly8g8ttanags4j20kg0kgq3r.jpg?KID=imgbed,tva&Expires=1728554182&ssig=zCGS24%2BmzP"
5087335106743773,2024-10-08,0,山东,哈哈哈哈哈哈哈哈哈哈哈哈哈哈哈哈哈哈哈哈,一回首看见你,f,辽宁 鞍山,"https://tvax3.sinaimg.cn/crop.55.0.833.833.180/008s2xYoly8h2jbykfulgj30q80n5wfk.jpg?KID=imgbed,tva&Expires=1728554182&ssig=HfKiyeCiN6"
5087335106743773,2024-10-08,0,山西,不行了我哈哈哈哈哈,小茹不是小如1213,f,山西,"https://tvax1.sinaimg.cn/crop.0.0.888.888.180/005VOtBGly8gm5w0mcda0j30oo0oodhn.jpg?KID=imgbed,tva&Expires=1728554182&ssig=d9maKnKmz8"
5087335106743773,2024-10-08,0,河南,哈哈哈太搞笑了,很困的白米饭h,m,河南,"https://tvax2.sinaimg.cn/crop.0.0.1080.1080.180/008xmdiely8hb7wmh8axoj30u00u0gnp.jpg?KID=imgbed,tva&Expires=1728554182&ssig=AJTzZRQsSK"
5087335106743773,2024-10-08,0,广东,哈哈哈哈哈哈哈,一口橙子加咖啡,f,广东,"https://tvax4.sinaimg.cn/crop.0.0.956.956.180/008gWxydly8hgviry8mzij30qk0qk75h.jpg?KID=imgbed,tva&Expires=1728554182&ssig=UvGw9Bvwzh"
5087335106743773,2024-10-08,0,山东,笑死了哈哈哈哈,白了只兔吧,f,其他,"https://tvax4.sinaimg.cn/crop.0.0.1002.1002.180/008qvKlaly8gw5z9ooxokj30ru0rudkl.jpg?KID=imgbed,tva&Expires=1728554182&ssig=7gq5ceBfcr"
5087335106743773,2024-10-08,0,广西,哈哈哈哈哈哈哈[笑cry],别碰我小光头,m,海外,"https://tvax1.sinaimg.cn/crop.0.0.1080.1080.180/be1f0670ly8hngu2e5r3oj20u00u0abh.jpg?KID=imgbed,tva&Expires=1728554182&ssig=e1Ykl%2BQqAR"
5087488083495318,2024-10-09,174,甘肃,只能说这方面的科普真的很重要，别让无知害了自己,剪刀手白素贞,m,云南,"https://tvax3.sinaimg.cn/crop.0.0.500.500.180/008cz9ZZly8htzojzm3nej30dw0dw75b.jpg?KID=imgbed,tva&Expires=1728554186&ssig=QPNfozIYSP"
5087488083495318,2024-10-09,20,广东,杏生活不和谐要不要分手啊[苦涩],一鲦鱼2011,f,广东 深圳,"https://tvax4.sinaimg.cn/crop.0.0.512.512.180/7e2db2ecly8h36o2isp8hj20e80e80ua.jpg?KID=imgbed,tva&Expires=1728554186&ssig=u5Tyb23%2ByQ"
5087488083495318,2024-10-09,8,浙江,早安[淡淡的],苏西的螺丝钉,f,海外,"https://tvax3.sinaimg.cn/crop.0.0.868.868.180/006YtUX5ly8hue8bjigwaj30o40o475r.jpg?KID=imgbed,tva&Expires=1728554186&ssig=72BLKhp8Nf"
5087488083495318,2024-10-09,5,湖北,两年前做胃镜要查心电图[你好],雨落殇_,f,湖北,"https://tvax2.sinaimg.cn/crop.0.0.996.996.180/b28961dcly8g5y2ayaxaoj20ro0ro74p.jpg?KID=imgbed,tva&Expires=1728554186&ssig=fqp0uwZvtf"
5087488083495318,2024-10-09,17,美国,医生叫我做什么看什么我都同意，毕竟这些检查项目都是检查我个人身体我有什么不同意的呢？,陈小姐的8号仓,f,北京,"https://tvax3.sinaimg.cn/crop.0.0.1080.1080.180/e60506a2ly8hqwxbu4oetj20u00u0dix.jpg?KID=imgbed,tva&Expires=1728554186&ssig=gF1sm%2Bq5ow"
5087488083495318,2024-10-09,1,上海,这个没错 另一方面过度医疗也较普遍,A被暖阳台A,m,上海 长宁区,"https://tvax1.sinaimg.cn/crop.0.0.996.996.180/70db1effly8gbpgywazccj20ro0rogoc.jpg?KID=imgbed,tva&Expires=1728554186&ssig=qCqY8JoHdo"
5087488083495318,2024-10-09,0,上海,转发！医院里的这些“奇葩规定”，其实都是为了保护患者！,育儿专家张思莱,f,北京,"https://tva1.sinaimg.cn/crop.0.0.180.180.180/54354ccejw1e8qgp5bmzyj2050050aa8.jpg?KID=imgbed,tva&Expires=1728554186&ssig=7nt%2F8UEXON"
5087488083495318,2024-10-09,3,浙江,已阅，早安[抱一抱] http://t.cn/A6EjCaFu,韦宝爱次呦又i,f,其他,"https://tvax1.sinaimg.cn/crop.0.0.1020.1020.180/008y8H1rly8hd1j4820nkj30sc0scq4d.jpg?KID=imgbed,tva&Expires=1728554186&ssig=S1vDoN8Os7"
5087488083495318,2024-10-09,0,四川,@王emo变王甜心,和蟹老板的日常呀,f,四川,"https://tvax2.sinaimg.cn/crop.0.0.960.960.180/007QwxzVly8hnhngxp2msj30qo0qoq6q.jpg?KID=imgbed,tva&Expires=1728554186&ssig=qPbRBIoboX"
5087488083495318,2024-10-09,1,安徽,很多外行，偏就以为自己比专业人员更懂行。。。不懂就要先问清楚再说，而不是偏要无知无畏的跟专业人员对着干，最终害的是自己！,奇迹2006,f,上海,"https://tvax3.sinaimg.cn/crop.0.0.1080.1080.180/82478df0ly8g12qp1pmhdj20u00u0gnf.jpg?KID=imgbed,tva&Expires=1728554186&ssig=KR6HU4qmql"
5087488083495318,2024-10-09,1,广东,每一项严格的规章制度还有要求都是血和泪的教训换来的,汤圆不园不元,f,广东 佛山,"https://tvax1.sinaimg.cn/crop.0.0.1080.1080.180/85a45e25ly8hu1ctigezmj20u00u00vg.jpg?KID=imgbed,tva&Expires=1728554186&ssig=M%2FVK%2Fm4o%2FX"
5087488083495318,2024-10-09,1,安徽,看鼻炎让先查血型呢[单身狗],可爱多不多啊,f,海外,"https://tvax2.sinaimg.cn/crop.0.0.1002.1002.180/007e0wAzly8ftvp9xhobfj30ru0ruwfl.jpg?KID=imgbed,tva&Expires=1728554186&ssig=NAwsvPRw%2Fk"
5087488083495318,2024-10-09,1,江苏,去年被非洲大蚊子咬的我皮肤瘙痒，喀麦隆出差回来，医生还怀疑我身上的红点是梅毒[笑而不语]我踏马还是处男，梅毒个鬼,超级无敌霹雳金刚钻山银枪小霸王,m,江苏,"https://tvax1.sinaimg.cn/crop.0.0.648.648.180/006YHtUMly8hsr7r5lfm1j30i00i00tp.jpg?KID=imgbed,tva&Expires=1728554186&ssig=mxDVLsrxLu"
5087488083495318,2024-10-10,0,江苏,[鲜花],GEA-环保志愿者兰花草,f,其他,"https://tvax4.sinaimg.cn/crop.0.0.600.600.180/008D3D8Xly8hn7ymqpbh2j30go0gomya.jpg?KID=imgbed,tva&Expires=1728554186&ssig=p8m1rBX0Vl"
5087488083495318,2024-10-09,0,四川,但大部分时候根本不需要，非要强行做这些不过是医院为了排除风险不想担责，对普通人是增加麻烦还要多花钱,Tiansword,m,四川 成都,"https://tvax2.sinaimg.cn/crop.0.0.1080.1080.180/5d4769a8ly8h4nobv8vkgj20u00u0tbn.jpg?KID=imgbed,tva&Expires=1728554186&ssig=NaWZNysEgW"
5087488083495318,2024-10-09,0,广东,谢谢科普,幼稚园老大0717小甜饼,m,海外 日本,"https://tvax4.sinaimg.cn/crop.0.0.1080.1080.180/74ce91ddly8hig45m20usj20u00u0jto.jpg?KID=imgbed,tva&Expires=1728554186&ssig=sP6uj8R%2Be7"
5087488083495318,2024-10-09,0,广西,感谢科普,我爱小幸福,f,广西,"https://tvax4.sinaimg.cn/crop.0.0.995.995.180/0061kDbply8hqk658dbnlj30rn0rn76m.jpg?KID=imgbed,tva&Expires=1728554186&ssig=C2SmPn6Nmw"
5087488083495318,2024-10-09,0,广东,我就是感冒，咳了两个月，搞成鼻炎和咽炎了，那时候不懂事，以为感冒没什么大不了了，不看医生不吃药[单身狗],我真的只想溜达,f,广东,"https://tvax2.sinaimg.cn/crop.0.0.450.450.180/0084lqzZly8hs3rgcuxwzj30ci0cit8j.jpg?KID=imgbed,tva&Expires=1728554186&ssig=g7ylj6MW1J"
5087488083495318,2024-10-09,0,广东,这才理解感冒抽血化验的原因,人言和SpongeBob,f,广东,"https://tvax2.sinaimg.cn/crop.0.0.664.664.180/a1ea438bly8ggsl88zuyxj20ig0igq3o.jpg?KID=imgbed,tva&Expires=1728554186&ssig=4TDa%2FozZmw"
5087488083495318,2024-10-09,0,上海,科普知识！,电影人藤井树,f,上海,"https://tvax3.sinaimg.cn/crop.0.0.1080.1080.180/624fc025ly8ha0ncocdt8j20u00u0jun.jpg?KID=imgbed,tva&Expires=1728554186&ssig=6s78fJ9VK%2F"
5087622642798762,2024-10-09,9,北京,老男孩都14年了，另一位干嘛去了,列那狐的传说,m,北京 海淀区,"https://tva1.sinaimg.cn/crop.0.96.597.597.180/8c819689jw8eqeegtbeb5j20gl0otjtl.jpg?KID=imgbed,tva&Expires=1728554189&ssig=YghbAT6DiJ"
5087622642798762,2024-10-09,9,山东,但是他国庆档三部电影，一部票房6000w，一部2000w撤档，一部3.7e尚可，这种票房成绩算牛吗？,米粒天堂08,f,山东 济南,"https://tvax4.sinaimg.cn/crop.0.0.1080.1080.180/006jNf5zly8hlktm831jqj30u00u0dm6.jpg?KID=imgbed,tva&Expires=1728554189&ssig=0BXWa4FNM7"
5087622642798762,2024-10-09,1,福建,第一次听说中国演员也有票房分成的，牛逼啊,沃夫先生movie,m,福建 福州,"https://tvax3.sinaimg.cn/crop.0.0.996.996.180/005NBzzUly8gbvrtgth6hj30ro0ro0tl.jpg?KID=imgbed,tva&Expires=1728554189&ssig=CL9El%2BkvWh"
5087622642798762,2024-10-09,3,陕西,"真是这钱拿的都""不好意思""了.[哈哈]""你拿回两摞去!""",小小肥晨晨,m,陕西 西安,"https://tvax2.sinaimg.cn/crop.0.0.600.600.180/008sNUSTly8hcmuge982sj30go0got9g.jpg?KID=imgbed,tva&Expires=1728554189&ssig=hRuLvz2k1g"
5087622642798762,2024-10-10,1,上海,演技就不太行了，当时去影院看的《祝你幸福》，喝宋佳的对手戏他接不住的感觉，特别吃力，中途退场了。,snowb1ind,m,上海 徐汇区,"https://tvax3.sinaimg.cn/crop.0.0.1010.1010.180/72d99642ly8g4grzn1zh5j20s20s241o.jpg?KID=imgbed,tva&Expires=1728554189&ssig=gKVHE%2F2Khk"
5087622642798762,2024-10-09,1,北京,片酬哪有这么容易挣,项晖jimmy,m,北京 西城区,"https://tva2.sinaimg.cn/crop.0.0.180.180.180/593b41bdjw1e8qgp5bmzyj2050050aa8.jpg?KID=imgbed,tva&Expires=1728554189&ssig=HZiIGaGTWt"
5087622642798762,2024-10-09,5,北京,自己当过导演，票房扑了，现在安心当男主，前途一片光明,炉微,m,北京 朝阳区,"https://tvax1.sinaimg.cn/crop.90.359.908.908.180/46a6be05ly8gdhf9kj937j20u018y7b8.jpg?KID=imgbed,tva&Expires=1728554189&ssig=WBqFTND%2F2h"
5087622642798762,2024-10-09,1,天津,北京不好意思影业,我来自火星886886,f,青海,"https://tvax4.sinaimg.cn/crop.0.0.1080.1080.180/0080ltGoly8hj59us201nj30u00u079d.jpg?KID=imgbed,tva&Expires=1728554189&ssig=V0scIFCTIH"
5087622642798762,2024-10-10,0,广东,内地电影片酬不是不如电视剧吗？限薪前能拿到千万片酬电影演员都没几个，现在都限薪了，应该是更少了，他竟然是千万俱乐部的？[允悲],看看世相世界,f,广东,"https://tvax3.sinaimg.cn/crop.0.0.664.664.180/008cMEjLly8gmceyyku82j30ig0ig0tm.jpg?KID=imgbed,tva&Expires=1728554189&ssig=hVrLf0lNY4"
5087622642798762,2024-10-09,0,浙江,肖表演影帝级,交通大学V,m,陕西 西安,"https://tva2.sinaimg.cn/crop.0.0.180.180.180/9477addcjw1e8qgp5bmzyj2050050aa8.jpg?KID=imgbed,tva&Expires=1728554189&ssig=fEv%2BOTfuDW"
5087622642798762,2024-10-09,0,江苏,缺一个大爆的电视剧，不然火的圈子太小。[笑cry],Dang1002,f,河南 郑州,"https://tvax3.sinaimg.cn/crop.0.0.1080.1080.180/95e06819ly8gdhxj92xv7j20u00u0afa.jpg?KID=imgbed,tva&Expires=1728554189&ssig=uFgEzZW5Mu"
5087622642798762,2024-10-09,1,山东,看过电影票房分析，他的三部电影全部亏本，其中出入平安直接扑的渣都不剩撤档。,微凉夏夜吃火锅,m,其他,"https://tvax3.sinaimg.cn/crop.0.0.1080.1080.180/008vUPNDly8hn122xj6ymj30u00u0wh2.jpg?KID=imgbed,tva&Expires=1728554189&ssig=ukP2PUIeDh"
5087622642798762,2024-10-09,0,山东,影视界大张伟，啥类型都能拿捏,ddd2019800,m,山东,"https://tvax4.sinaimg.cn/crop.0.0.1080.1080.180/007C04F5ly8ht36xhmu5sj30u00u0wif.jpg?KID=imgbed,tva&Expires=1728554189&ssig=AM%2FJPiQ3Da"
5087622642798762,2024-10-09,1,北京,有人愿出嘛,苑立孔2020,m,其他,"https://tvax3.sinaimg.cn/crop.0.0.552.552.180/006XzarSly8gzu6v5ig28j30fc0fcgm9.jpg?KID=imgbed,tva&Expires=1728554189&ssig=mNbY9Wjwm0"
5087622642798762,2024-10-10,0,江苏,他的演技绝对可以,骑小猪跳海,m,江苏,"https://tvax3.sinaimg.cn/crop.0.0.1080.1080.180/0076TOzhly8hrv32fhuuzj30u00u1wgo.jpg?KID=imgbed,tva&Expires=1728554189&ssig=fWEwE0gR89"
5087622642798762,2024-10-09,1,河北,有票房号召力了 肯定是一线呀,董西关,m,河北,"https://tvax1.sinaimg.cn/crop.0.0.750.750.180/967764e2ly8grw62zsaezj20ku0kuwfu.jpg?KID=imgbed,tva&Expires=1728554189&ssig=sdtmXi3Yxj"
5087622642798762,2024-10-09,2,上海,大陆宋康昊哈哈哈,我們沒有辦法只好猛喝糖漿,m,陕西 西安,"https://tvax3.sinaimg.cn/crop.0.0.896.896.180/008hp56ply8ha01qy1fb1j30ow0owq5r.jpg?KID=imgbed,tva&Expires=1728554189&ssig=lpBxQBApT%2B"
5087622642798762,2024-10-09,0,辽宁,头两天看志愿军里还有他,洛阳纸杯,f,辽宁 沈阳,"https://tvax3.sinaimg.cn/crop.0.0.512.512.180/0081pSbWly8g9mwoo0l7fj30e80e8q43.jpg?KID=imgbed,tva&Expires=1728554189&ssig=s2KUPQQfa9"
5087622642798762,2024-10-09,0,山西,再不回去唱歌，就成影帝了,用户7598318432,m,其他,"https://tvax4.sinaimg.cn/crop.0.0.1068.1068.180/008idLJ6ly8gpwrrhq2dlj30to0towfq.jpg?KID=imgbed,tva&Expires=1728554189&ssig=GYJaoIZWsv"
5087626769992145,2024-10-10,1107,中国香港,高速开90纯属阻塞交通,Modr1c_,m,内蒙古,"https://tvax2.sinaimg.cn/crop.0.0.1080.1080.180/006Fdpahly8hcjfx4hd5pj30u00u0tbz.jpg?KID=imgbed,tva&Expires=1728554193&ssig=eSpw8lghbG"
5087626769992145,2024-10-09,762,重庆,两人性格真不合适 [允悲][允悲],菜菜ZYL,f,重庆,"https://tvax1.sinaimg.cn/crop.0.0.1006.1006.180/006nSfdzly8fick4wfq7xj30ry0ryq49.jpg?KID=imgbed,tva&Expires=1728554193&ssig=PBVdDv3kEr"
5087626769992145,2024-10-10,538,山东,90确实不算快，但也不至于慢，只要不占超车道就行[微笑]，不过如果没有结婚的话，可以赶紧分了，否则后患无穷,哎呦一只小reese,m,其他,"https://tvax4.sinaimg.cn/crop.0.0.1080.1080.180/006HqYHnly8h08bseg2i5j30u00u0wkk.jpg?KID=imgbed,tva&Expires=1728554193&ssig=fKiBqh5y6B"
5087626769992145,2024-10-10,256,安徽,我占女司机,超人小丁ovo,m,安徽 合肥,"https://tvax4.sinaimg.cn/crop.0.0.1080.1080.180/006f5ypEly8gurutx0yv8j60u00u0jtu02.jpg?KID=imgbed,tva&Expires=1728554193&ssig=Mi4UvzZNSb"
5087626769992145,2024-10-10,252,广西,我没车的时候站男方，现在我有车了，我站女方[doge],L再见LLLL,f,广西,"https://tvax3.sinaimg.cn/crop.0.0.664.664.180/006QXrGply8fx7vulo37nj30ig0ihjsp.jpg?KID=imgbed,tva&Expires=1728554193&ssig=f9Ew1FWzYA"
5087626769992145,2024-10-10,152,湖南,国庆堵车的就是开90码走快车道的，堵了好几公里,气泡橙子与哈皮,f,湖南 岳阳,"https://tva1.sinaimg.cn/crop.0.0.180.180.180/bd631014jw1e8qgp5bmzyj2050050aa8.jpg?KID=imgbed,tva&Expires=1728554193&ssig=zkEXbsGPDU"
5087626769992145,2024-10-10,123,江苏,90码不如推了,灬俊采星驰,m,江苏 常州,"https://tvax1.sinaimg.cn/crop.0.0.512.512.180/ba1099f7ly8gtgr599dv3j20e80e8jrr.jpg?KID=imgbed,tva&Expires=1728554193&ssig=VnoW1nnzil"
5087626769992145,2024-10-10,117,浙江,120的限速开90，比大部分大货车都慢。跑最右侧的道还好，如果是快车道，那后面的车会很窝火。,朵未,m,浙江 丽水,"https://tvax4.sinaimg.cn/crop.426.6.1066.1066.180/640065a9ly8gap9xasggzj21hc0u0gz5.jpg?KID=imgbed,tva&Expires=1728554193&ssig=RYm75sslIE"
5087626769992145,2024-10-10,115,广东,开90就不要出来阻塞交通,小白杨ykq泉,m,广东 湛江,"https://tva4.sinaimg.cn/crop.94.44.276.276.180/7ea2174bjw8enoqr5f2u1j20du099t9d.jpg?KID=imgbed,tva&Expires=1728554193&ssig=vYsrwuShcF"
5087626769992145,2024-10-09,92,安徽,真是情绪稳定的小仙女呢[doge],进退蜕颓,m,安徽,"https://tvax4.sinaimg.cn/crop.0.0.996.996.180/006ASaPEly8gx98vh9820j30ro0rp755.jpg?KID=imgbed,tva&Expires=1728554193&ssig=vHDS9vonwo"
5087626769992145,2024-10-10,35,山西,Xxn基本盘,齋藤絵梨花,f,北京,"https://tvax2.sinaimg.cn/crop.0.0.656.656.180/006S4T9oly8gniydmgpiyj30i80i875c.jpg?KID=imgbed,tva&Expires=1728554193&ssig=z4d99GiEU0"
5087626769992145,2024-10-10,27,浙江,这不分留着过年？,利维亚的跳高选手,m,浙江 杭州,"https://tvax4.sinaimg.cn/crop.0.0.989.989.180/005SDB4jly8hsbx615z2uj30rh0rhgml.jpg?KID=imgbed,tva&Expires=1728554193&ssig=Mi5TGgWnkL"
5087626769992145,2024-10-10,13,江苏,分手吧，我第一次在网上说这个词,张贵保,m,山西 长治,"https://tva3.sinaimg.cn/crop.60.9.300.300.180/52f3895djw1ebylf7xxkbj20dw08ptad.jpg?KID=imgbed,tva&Expires=1728554193&ssig=4zNzBs8Vku"
5087626769992145,2024-10-10,17,陕西,90确实有点慢,安静地旧旧地,m,陕西 西安,"https://tvax4.sinaimg.cn/crop.0.0.512.512.180/005OkUmwly8gd4c6jq13ij30e80e8gm9.jpg?KID=imgbed,tva&Expires=1728554193&ssig=a%2BCR8YuXj7"
5087626769992145,2024-10-09,19,广东,等他认错[允悲],佐辰佑希,m,湖南,"https://tvax2.sinaimg.cn/crop.0.0.512.512.180/83654388ly8gu522orwwqj20e80e8aaw.jpg?KID=imgbed,tva&Expires=1728554193&ssig=aybjhS7uBP"
5087626769992145,2024-10-09,15,湖北,确实慢,Reol__2233,f,其他,"https://tvax2.sinaimg.cn/crop.0.0.512.512.180/008qWBaily8hcm7omscjcj30e80e8mxc.jpg?KID=imgbed,tva&Expires=1728554193&ssig=5LCcHjyyY%2B"
5087626769992145,2024-10-10,6,广东,别在最左边就行了,啊能能-,m,广东 深圳,"https://tvax4.sinaimg.cn/crop.0.0.1080.1080.180/9f181261ly8hrwslku9vzj20u00u0q48.jpg?KID=imgbed,tva&Expires=1728554193&ssig=HAIUyNMp2t"
5087626769992145,2024-10-10,3,江苏,高速👀开车原来是这么来滴[兔子][耶][馋嘴],Stock环球之旅,f,江苏,"https://tvax3.sinaimg.cn/crop.0.0.1080.1080.180/007eVXkPly8hj9tux76quj30u00u0tdc.jpg?KID=imgbed,tva&Expires=1728554193&ssig=iuAyB4ELQ8"
5087626769992145,2024-10-10,7,湖北,可以丢，我支持,百年难得好名字,f,其他,"https://tvax1.sinaimg.cn/crop.0.0.812.812.180/006L1bzYly8hcl6v1bzgtj30mk0mkdkt.jpg?KID=imgbed,tva&Expires=1728554193&ssig=t3loq7cY%2Fp"
5087626769992145,2024-10-10,7,江苏,祈祷高速上90码选手都有个这样的女朋友👍🏻,cagalimai,f,其他,"https://tvax4.sinaimg.cn/crop.0.0.1024.1024.180/005yMbsZly8hja4boleumj30sg0sgacq.jpg?KID=imgbed,tva&Expires=1728554193&ssig=6KaUCroJWP"
5086510800437616,2024-10-07,57,上海,20以下买白色，20以上买黑色,A·籽言,f,海外 保加利亚,"https://tvax2.sinaimg.cn/crop.0.0.512.512.180/006zF9dcly8hggy7ro9ayj30e80e8mxk.jpg?KID=imgbed,tva&Expires=1728554197&ssig=c9Wh7TXY42"
5086510800437616,2024-10-06,23,广西,不买红色，红色很难出手且价格会低,Patrick的记事本,m,广西 柳州,"https://tva4.sinaimg.cn/crop.0.0.180.180.180/69191a07jw1e8qgp5bmzyj2050050aa8.jpg?KID=imgbed,tva&Expires=1728554197&ssig=KxKn7AWFqJ"
5086510800437616,2024-10-07,26,山东,越贵的车越值钱，越便宜的车越不值钱[摊手],F锋雨无阻S,m,山东,"https://tva2.sinaimg.cn/crop.0.0.720.720.180/bbed0dcdjw8ee8kvkc5ptj20k00k0jtb.jpg?KID=imgbed,tva&Expires=1728554197&ssig=lqgR4TZ0Mr"
5086510800437616,2024-10-07,13,广东,相信大多数人的眼光选白色，白色晚上反光好，,西边那条河,m,新疆 伊犁,"https://tvax2.sinaimg.cn/crop.0.0.512.512.180/ad2b0c45ly8h8wdx34fo6j20e80e80tb.jpg?KID=imgbed,tva&Expires=1728554197&ssig=VabGq3HD0s"
5086510800437616,2024-10-06,11,江苏,知道了，不能选白色,吉鲁Giroud,m,江苏 南京,"https://tvax4.sinaimg.cn/crop.0.0.1002.1002.180/aa0acffdly8g9kcfd2tkgj20ru0ruq3y.jpg?KID=imgbed,tva&Expires=1728554197&ssig=VEE3wgB0kp"
5086510800437616,2024-10-07,5,广东,这些人是不是做了很多伤天害理的事，去少林寺干嘛？赎罪。,苦恋是谁呢,m,广东,"https://tvax4.sinaimg.cn/crop.0.0.1080.1080.180/4fb88ec2ly8hfc1gkg6cmj20u00u0ace.jpg?KID=imgbed,tva&Expires=1728554197&ssig=KUmMTsFegy"
5086510800437616,2024-10-07,4,浙江,这个点，什么颜色都不管用,林小力最爱最爱宝贝涵,f,浙江,"https://tva4.sinaimg.cn/crop.0.0.180.180.180/8d0ca75ejw1e8qgp5bmzyj2050050aa8.jpg?KID=imgbed,tva&Expires=1728554197&ssig=vN4CM4rUIB"
5086510800437616,2024-10-08,1,陕西,这个创意非常好,工作好累累累累累累累累的磊杍,m,新疆 和田,"https://tvax3.sinaimg.cn/crop.0.0.800.800.180/a6f7c18dly8hugal0hjn2j20m80m8ab8.jpg?KID=imgbed,tva&Expires=1728554197&ssig=Gup1M3M0Pq"
5086510800437616,2024-10-08,1,西藏,哦哦哦*,我和summer的日常,f,北京 海淀区,"https://tvax1.sinaimg.cn/crop.0.0.664.664.180/005TS9E2ly8hug0wzmd64j30ig0igmy6.jpg?KID=imgbed,tva&Expires=1728554197&ssig=vFE4WGiihv"
5086510800437616,2024-10-06,3,江苏,红色[心],一家之YAN,m,江苏 徐州,"https://tvax2.sinaimg.cn/crop.0.0.690.690.180/88f557cely8hknr6havd0j20j60j6dh7.jpg?KID=imgbed,tva&Expires=1728554197&ssig=d1yCkcE5Ih"
5086510800437616,2024-10-09,1,内蒙古,紧凑型车还是白色的好看 B级车及以上选黑色,A蒙蒙O,f,内蒙古 通辽,"https://tvax4.sinaimg.cn/crop.0.0.812.812.180/0089ZHmPly8hrfh8qxgskj30mk0mk0un.jpg?KID=imgbed,tva&Expires=1728554197&ssig=17DcIOLZHU"
5086510800437616,2024-10-08,2,重庆,前几年有人统计过白色车祸率低20%,又双叒叕被封了的羊驼,m,其他,"https://tvax2.sinaimg.cn/crop.0.0.1077.1077.180/008DPZpcly8htf12xrkx6j30tx0txdg6.jpg?KID=imgbed,tva&Expires=1728554197&ssig=ZlVOhJk%2BHW"
5086510800437616,2024-10-08,2,湖北,买自己喜欢的颜色就行了,只想当个瘦瘦儿,m,湖北 武汉,"https://tvax4.sinaimg.cn/crop.0.0.996.996.180/9e7d4e01ly8gqoshjj55xj20ro0roabn.jpg?KID=imgbed,tva&Expires=1728554197&ssig=dMd7KMDcE7"
5086510800437616,2024-10-07,2,北京,喜欢什么颜色就买什么颜色,十安_9,f,北京,"https://tvax2.sinaimg.cn/crop.0.0.1080.1080.180/5daea1a6ly8gryf7808zmj20u00u0myq.jpg?KID=imgbed,tva&Expires=1728554197&ssig=u0zXoG5Xht"
5086510800437616,2024-10-06,1,安徽,粉色,嘛呢aWwwwws,m,其他,"https://tvax1.sinaimg.cn/crop.0.0.1080.1080.180/007HVehMly8he5du8sxgmj30u00u0myr.jpg?KID=imgbed,tva&Expires=1728554197&ssig=NyIVRimmcp"
5087940425028913,2024-10-10,0,浙江,慕了慕了[苦涩][苦涩][苦涩],染上上班味的人怨气比鬼都浓烈,f,其他,"https://tvax4.sinaimg.cn/crop.0.0.1080.1080.180/006G31GVly8hug0bw8eenj30u00u0jsu.jpg?KID=imgbed,tva&Expires=1728554210&ssig=gsAvoZ1AJK"
5087940634479725,2024-10-10,0,澳大利亚,大家是各玩各的[哈哈],如梦初醒-He,m,山东,"https://tvax4.sinaimg.cn/crop.0.0.1080.1080.180/682291bbly8hrwtybordfj20u00u0wg2.jpg?KID=imgbed,tva&Expires=1728554217&ssig=Q8x%2BR1xEzX"
5087940001137361,2024-10-10,0,广东,图一素什么,开心小泡泡2333,f,其他,"https://tvax3.sinaimg.cn/crop.0.0.1080.1080.180/006YrSHWly8hu21bsjkunj30u00u0jvc.jpg?KID=imgbed,tva&Expires=1728554233&ssig=eUziqZfWA0"
5087939526919254,2024-10-10,0,云南,心有所想，日有所思……[doge],火锅黑洞,m,云南,"https://tvax2.sinaimg.cn/crop.0.0.512.512.180/008v6igkly8hek7j8dwdbj30e80e874u.jpg?KID=imgbed,tva&Expires=1728554240&ssig=DJpSmvxHkB"
5087939526919254,2024-10-10,0,河北,发小给你下蛊了[doge],你比刘能能,f,河北,"https://tvax4.sinaimg.cn/crop.0.0.1006.1006.180/af77d3d9ly8g0fz6ulzd9j20ry0rytay.jpg?KID=imgbed,tva&Expires=1728554240&ssig=l6mT7CW7wc"
5087939526919254,2024-10-10,0,江苏,差不多了,斯乌嗯榫,m,江苏 镇江,"https://tvax4.sinaimg.cn/crop.0.0.1080.1080.180/0066nJhuly8hu5jlfsgmgj30u00u0myb.jpg?KID=imgbed,tva&Expires=1728554240&ssig=FvOVUMrW4h"
5087939526919254,2024-10-10,0,浙江,梦里啥感觉,大汉子欲,f,其他,"https://tvax3.sinaimg.cn/crop.0.0.500.500.180/008DHTekly8huh90dwp5qj30dw0dwdgj.jpg?KID=imgbed,tva&Expires=1728554240&ssig=wGamS9tVuy"
5087939526919254,2024-10-10,0,北京,日有所思，夜有所梦？,因风起的太早,m,山东 青岛,"https://tvax3.sinaimg.cn/crop.0.0.1080.1080.180/701df635ly8hmgay9psx7j20u00u1783.jpg?KID=imgbed,tva&Expires=1728554240&ssig=4BCKMr31dI"
5087939526919254,2024-10-10,0,云南,我操[允悲],错过的回忆非主流,m,云南 曲靖,"https://tvax2.sinaimg.cn/crop.0.0.568.568.180/006EJ6S7ly8g46uvys1c1j30fs0fsdgz.jpg?KID=imgbed,tva&Expires=1728554240&ssig=RFa3GhHv9t"
5087939526919254,2024-10-10,0,辽宁,你发小也能梦到你,啊毛啊炖,m,辽宁 沈阳,"https://tvax3.sinaimg.cn/crop.0.0.1080.1080.180/6af688afly8hkuo08giyfj20u00u0mz8.jpg?KID=imgbed,tva&Expires=1728554240&ssig=KLFvn2LgXr"
5087939526919254,2024-10-10,0,广东,这是什么奇奇怪怪的想法,信可-,m,广东 潮州,"https://tvax2.sinaimg.cn/crop.0.0.1080.1080.180/008CvBOIly8hrxuc509u5j30u00u0mys.jpg?KID=imgbed,tva&Expires=1728554240&ssig=rWHpkroDcJ"
5087939526919254,2024-10-10,0,辽宁,啧啧啧[二哈],承欢io,m,辽宁,"https://tvax1.sinaimg.cn/crop.0.0.512.512.180/006aVdTyly8huharuxe0tj30e80e8jre.jpg?KID=imgbed,tva&Expires=1728554240&ssig=1I6w3l7WPI"
5087939526919254,2024-10-10,0,湖北,想了撒,Rain就是玩,m,湖北 武汉,"https://tvax1.sinaimg.cn/default/images/default_avatar_male_180.gif?KID=imgbed,tva&Expires=1728554240&ssig=WYGYhQNgeK"
5087940289758477,2024-10-10,0,中国香港,那可不，天天打卡的人络绎不绝的。你没有多拍几张美照呀？[doge],花海记得独白_,m,其他,"https://tvax1.sinaimg.cn/crop.0.0.828.828.180/8d51add9ly8htvs6u62hfj20n00n0wgx.jpg?KID=imgbed,tva&Expires=1728554253&ssig=NU8iVtwv3v"
5087939220998007,2024-10-10,1,江苏,素颜美丽,希望让你身边有我而更好,m,江苏 苏州,"https://tvax2.sinaimg.cn/crop.0.0.1080.1080.180/0088kgbNly8hh6okzjkl2j30u00u0wir.jpg?KID=imgbed,tva&Expires=1728554270&ssig=K1%2Bbi%2FGt9V"
5087939220998007,2024-10-10,0,马来西亚,端庄大方的美，由内而外散发的美，你的眼睛也很漂亮,用户3805840438,m,其他,"https://tvax1.sinaimg.cn/default/images/default_avatar_male_180.gif?KID=imgbed,tva&Expires=1728554270&ssig=nTeTj44StG"
5087938986115927,2024-10-10,0,中国香港,这是在哪儿拍到的美照呀？感觉这风景把你衬托的更有魅力了[太开心],温柔抚平心灵,m,吉林,"https://tvax3.sinaimg.cn/crop.0.0.809.809.180/0060masPly8htvs6uizqej30mh0mhjsr.jpg?KID=imgbed,tva&Expires=1728554276&ssig=Pe655hPjiT"
5087938986115927,2024-10-10,0,山西,图3不打码？,是六纳啊,m,重庆,"https://tvax4.sinaimg.cn/crop.0.0.1080.1080.180/006Xeowyly8hkeqni4f2hj30u00u0tad.jpg?KID=imgbed,tva&Expires=1728554276&ssig=%2FG%2FQn8%2Fm4O"
5087938905901330,2024-10-10,0,江苏,打扮一下,张陌哦呀,m,江苏,"https://tvax1.sinaimg.cn/crop.0.0.690.690.180/008tsBPily8h83tczp7ipj30j60j6go4.jpg?KID=imgbed,tva&Expires=1728554296&ssig=BCvXW82kaK"
5087927116235069,2024-10-10,0,澳大利亚,家门的极光也很好看[嘻嘻],如梦初醒-He,m,山东,"https://tvax4.sinaimg.cn/crop.0.0.1080.1080.180/682291bbly8hrwtybordfj20u00u0wg2.jpg?KID=imgbed,tva&Expires=1728554317&ssig=eT0inJfQIq"
5087927116235069,2024-10-10,0,广东,家门口就能看 多幸福啊,你呀呀你丫你,f,广东 广州,"https://tvax1.sinaimg.cn/crop.0.0.875.875.180/c46ec200ly8hsl7puid1oj20ob0obgmp.jpg?KID=imgbed,tva&Expires=1728554317&ssig=7fSEzCMoha"
5087940567368710,2024-10-10,0,北京,好ol,W17013,f,澳门,"https://tvax4.sinaimg.cn/crop.0.0.1080.1080.180/006ccRSSly8hsk8vihi8bj30u00u0wgp.jpg?KID=imgbed,tva&Expires=1728554320&ssig=XkfvmKjykY"
5087940608787010,2024-10-10,0,贵州,好看哎！[心],深深的想念你,f,其他,"https://tvax4.sinaimg.cn/crop.0.0.748.748.180/008pHKD5ly8hu77sk13z2j30ks0ks0tq.jpg?KID=imgbed,tva&Expires=1728554327&ssig=Jxxlm%2FQ%2Fpf"
5087939531641003,2024-10-10,0,四川,骂这么脏，看来不是第一次了[doge][doge],是阿昔,m,其他,"https://tvax2.sinaimg.cn/crop.0.0.512.512.180/008Gj3w6ly8hugkewvs35j30e80e8757.jpg?KID=imgbed,tva&Expires=1728554330&ssig=3MPuW2Gf9W"
5087938658175361,2024-10-10,0,罗伯特贱萌版,柚子，你皮厚肉多，我只爱你的内在美！,评论罗伯特,f,海外,"https://tvax3.sinaimg.cn/crop.0.0.512.512.180/006i0XtAly8htt0v6r8pjj30e80e874t.jpg?KID=imgbed,tva&Expires=1728554333&ssig=ivL5fMVSpw"
5087938658175361,2024-10-10,0,中国香港,这一口吃下去牙不得倒一排[doge],花海记得独白_,m,其他,"https://tvax1.sinaimg.cn/crop.0.0.828.828.180/8d51add9ly8htvs6u62hfj20n00n0wgx.jpg?KID=imgbed,tva&Expires=1728554333&ssig=yFHhIwkoOq"
5087938658175361,2024-10-10,0,中国香港,这柚子甜不甜啊？看着非常红啊,成熟的笑点,m,广东,"https://tvax3.sinaimg.cn/crop.0.0.1080.1080.180/7ca6d199ly8htc0b40zguj20u00u07ak.jpg?KID=imgbed,tva&Expires=1728554333&ssig=E27%2FlETHzl"
5087933558163903,2024-10-10,0,中国香港,这是出海去玩了吗？,岁月的笑声_,m,辽宁 大连,"https://tvax1.sinaimg.cn/crop.0.0.1024.1024.180/005zSawqly8hu3tdl6h45j30sg0sggnu.jpg?KID=imgbed,tva&Expires=1728554337&ssig=TF%2BJZdeMzs"
5087940059073582,2024-10-10,0,中国香港,看来今日份快乐是浪漫给的[太开心],温柔抚平心灵,m,吉林,"https://tvax3.sinaimg.cn/crop.0.0.809.809.180/0060masPly8htvs6uizqej30mh0mhjsr.jpg?KID=imgbed,tva&Expires=1728554340&ssig=xb4l6fyPsA"
